date,code,min,max
2002-01-01,SONDOC,0.1,0.3
2002-01-02,SONDOC,0.1,0.4
2002-01-03,SONDOC,0.2,0.4
2002-01-04,SONDOC,0.2,0.5
2002-01-05,SONDOC,0.1,0.6
2002-01-06,SONDOC,0.1,0.8
2002-01-07,SONDOC,0.2,0.8
2002-01-08,SONDOC,0.2,0.6
2002-01-09,SONDOC,0.1,0.4
2002-01-10,SONDOC,0.3,0.5
2002-01-11,SONDOC,0.2,0.7
2002-01-12,SONDOC,0.2,0.7
2002-01-13,SONDOC,0.2,0.5
2002-01-14,SONDOC,0.3,0.5
2002-01-15,SONDOC,0.2,0.5
2002-01-16,SONDOC,0.2,0.6
2002-01-17,SONDOC,0.2,0.6
2002-01-18,SONDOC,0.3,0.7
2002-01-19,SONDOC,0.3,0.7
2002-01-20,SONDOC,0.2,0.8
2002-01-21,SONDOC,0.2,0.6
2002-01-22,SONDOC,0.2,0.6
2002-01-23,SONDOC,0.3,0.8
2002-01-24,SONDOC,0.3,0.9
2002-01-25,SONDOC,0.4,1.0
2002-01-26,SONDOC,0.2,0.8
2002-01-27,SONDOC,0.2,0.6
2002-01-28,SONDOC,0.3,0.8
2002-01-29,SONDOC,0.2,1.0
2002-01-30,SONDOC,0.3,1.1
2002-01-31,SONDOC,0.3,1.3
2002-02-01,SONDOC,0.2,1.4
2002-02-02,SONDOC,0.2,1.6
2002-02-03,SONDOC,0.2,1.6
2002-02-04,SONDOC,0.2,1.7
2002-02-05,SONDOC,0.2,1.8
2002-02-06,SONDOC,0.2,0.9
2002-02-07,SONDOC,0.2,1.0
2002-02-08,SONDOC,0.2,1.1
2002-02-09,SONDOC,0.2,0.9
2002-02-10,SONDOC,0.3,1.5
2002-02-11,SONDOC,0.3,1.8
2002-02-12,SONDOC,0.2,2.5
2002-02-13,SONDOC,0.3,3.0
2002-02-14,SONDOC,0.3,1.8
2002-02-15,SONDOC,0.2,1.6
2002-02-16,SONDOC,0.1,0.8
2002-02-17,SONDOC,0.2,1.0
2002-02-18,SONDOC,0.1,1.1
2002-02-19,SONDOC,0.1,1.2
2002-02-20,SONDOC,0.2,0.7
2002-02-21,SONDOC,0.1,1.8
2002-02-22,SONDOC,0.2,2.0
2002-02-23,SONDOC,0.2,2.5
2002-02-24,SONDOC,0.8,2.6
2002-02-25,SONDOC,1.5,2.7
2002-02-26,SONDOC,1.6,3.0
2002-02-27,SONDOC,0.6,4.0
2002-02-28,SONDOC,0.2,3.5
2002-03-01,SONDOC,0.5,3.8
2002-03-02,SONDOC,0.3,3.7
2002-03-03,SONDOC,0.3,3.7
2002-03-04,SONDOC,0.4,3.5
2002-03-05,SONDOC,0.3,3.8
2002-03-06,SONDOC,0.2,3.8
2002-03-07,SONDOC,0.4,4.0
2002-03-08,SONDOC,0.6,4.1
2002-03-09,SONDOC,1.0,4.5
2002-03-10,SONDOC,1.1,4.6
2002-03-11,SONDOC,1.2,4.8
2002-03-12,SONDOC,1.4,5.2
2002-03-13,SONDOC,1.5,5.5
2002-03-14,SONDOC,1.6,6.0
2002-03-15,SONDOC,1.2,5.0
2002-03-16,SONDOC,1.4,4.8
2002-03-17,SONDOC,1.5,5.0
2002-03-18,SONDOC,1.4,4.4
2002-03-19,SONDOC,1.2,4.0
2002-03-20,SONDOC,2.1,4.5
2002-03-21,SONDOC,2.3,4.7
2002-03-22,SONDOC,2.9,5.0
2002-03-23,SONDOC,2.9,5.0
2002-03-24,SONDOC,2.7,5.3
2002-03-25,SONDOC,2.5,5.5
2002-03-26,SONDOC,2.8,6.0
2002-03-27,SONDOC,3.0,6.2
2002-03-28,SONDOC,3.1,6.4
2002-03-29,SONDOC,3.9,6.9
2002-03-30,SONDOC,4.3,6.3
2002-03-31,SONDOC,4.0,7.0
2002-04-01,SONDOC,3.0,6.8
2002-04-02,SONDOC,3.2,7.0
2002-04-03,SONDOC,2.9,7.1
2002-04-04,SONDOC,3.2,5.9
2002-04-05,SONDOC,3.1,5.8
2002-04-06,SONDOC,2.5,5.8
2002-04-07,SONDOC,2.7,5.7
2002-04-08,SONDOC,2.2,5.0
2002-04-09,SONDOC,2.0,4.8
2002-04-10,SONDOC,2.2,5.8
2002-04-11,SONDOC,3.0,6.0
2002-04-12,SONDOC,4.2,6.3
2002-04-13,SONDOC,4.8,7.5
2002-04-14,SONDOC,5.2,9.0
2002-04-15,SONDOC,6.0,8.8
2002-04-16,SONDOC,6.3,8.1
2002-04-17,SONDOC,4.6,8.3
2002-04-18,SONDOC,4.0,6.9
2002-04-19,SONDOC,4.1,7.0
2002-04-20,SONDOC,3.8,6.4
2002-04-21,SONDOC,4.0,6.3
2002-04-22,SONDOC,4.2,6.5
2002-04-23,SONDOC,4.1,6.3
2002-04-24,SONDOC,3.5,6.0
2002-04-25,SONDOC,3.6,6.1
2002-04-26,SONDOC,3.5,6.6
2002-04-27,SONDOC,3.8,6.9
2002-04-28,SONDOC,4.0,7.1
2002-04-29,SONDOC,4.2,8.0
2002-04-30,SONDOC,4.5,8.5
2002-05-01,SONDOC,2.8,4.8
2002-05-02,SONDOC,3.0,5.0
2002-05-03,SONDOC,3.1,5.0
2002-05-04,SONDOC,2.9,4.9
2002-05-05,SONDOC,2.2,4.4
2002-05-06,SONDOC,2.3,4.6
2002-05-07,SONDOC,2.6,4.6
2002-05-08,SONDOC,3.2,5.0
2002-05-09,SONDOC,4.5,7.1
2002-05-10,SONDOC,4.0,8.3
2002-05-11,SONDOC,4.2,8.0
2002-05-12,SONDOC,3.5,7.5
2002-05-13,SONDOC,5.0,8.2
2002-05-14,SONDOC,5.1,8.7
2002-05-15,SONDOC,4.5,8.0
2002-05-16,SONDOC,5.1,7.6
2002-05-17,SONDOC,4.5,7.0
2002-05-18,SONDOC,3.5,6.5
2002-05-19,SONDOC,3.0,6.1
2002-05-20,SONDOC,3.0,5.9
2002-05-21,SONDOC,2.9,6.0
2002-05-22,SONDOC,3.2,5.9
2002-05-23,SONDOC,4.0,6.5
2002-05-24,SONDOC,4.5,5.7
2002-05-25,SONDOC,4.0,5.8
2002-05-26,SONDOC,4.1,6.2
2002-05-27,SONDOC,4.5,6.5
2002-05-28,SONDOC,4.4,6.3
2002-05-29,SONDOC,4.0,5.2
2002-05-30,SONDOC,4.1,5.4
2002-05-31,SONDOC,3.5,5.8
2002-06-01,SONDOC,3.1,5.0
2002-06-02,SONDOC,3.2,4.8
2002-06-03,SONDOC,3.0,4.7
2002-06-04,SONDOC,3.2,4.7
2002-06-05,SONDOC,3.3,4.6
2002-06-06,SONDOC,3.6,4.6
2002-06-07,SONDOC,3.8,6.0
2002-06-08,SONDOC,3.3,5.5
2002-06-09,SONDOC,3.0,5.0
2002-06-10,SONDOC,2.8,4.8
2002-06-11,SONDOC,2.6,4.4
2002-06-12,SONDOC,3.6,4.5
2002-06-13,SONDOC,3.6,4.1
2002-06-14,SONDOC,3.5,4.2
2002-06-15,SONDOC,0.5,4.0
2002-06-16,SONDOC,0.3,3.8
2002-06-17,SONDOC,0.2,2.0
2002-06-18,SONDOC,0.1,1.1
2002-06-19,SONDOC,0.1,0.8
2002-06-20,SONDOC,0.1,0.7
2002-06-21,SONDOC,0.2,1.6
2002-06-22,SONDOC,0.1,1.0
2002-06-23,SONDOC,0.1,0.8
2002-06-24,SONDOC,0.1,0.9
2002-06-25,SONDOC,0.1,0.9
2002-06-26,SONDOC,0.1,1.0
2002-06-27,SONDOC,0.2,1.3
2002-06-28,SONDOC,0.1,0.7
2002-06-29,SONDOC,0.1,0.5
2002-06-30,SONDOC,0.1,0.4
2002-07-01,SONDOC,3.1,5.0
2002-07-02,SONDOC,3.2,4.8
2002-07-03,SONDOC,3.0,4.7
2002-07-04,SONDOC,3.2,4.7
2002-07-05,SONDOC,3.3,4.6
2002-07-06,SONDOC,3.6,4.6
2002-07-07,SONDOC,3.8,6.0
2002-07-08,SONDOC,3.3,5.5
2002-07-09,SONDOC,3.0,5.0
2002-07-10,SONDOC,2.8,4.8
2002-07-11,SONDOC,2.6,4.4
2002-07-12,SONDOC,3.6,4.5
2002-07-13,SONDOC,3.6,4.1
2002-07-14,SONDOC,3.5,4.2
2002-07-15,SONDOC,0.5,4.0
2002-07-16,SONDOC,0.3,3.8
2002-07-17,SONDOC,0.2,2.0
2002-07-18,SONDOC,0.1,1.1
2002-07-19,SONDOC,0.1,0.8
2002-07-20,SONDOC,0.1,0.7
2002-07-21,SONDOC,0.2,1.6
2002-07-22,SONDOC,0.1,1.0
2002-07-23,SONDOC,0.1,0.8
2002-07-24,SONDOC,0.1,0.9
2002-07-25,SONDOC,0.1,0.9
2002-07-26,SONDOC,0.1,1.0
2002-07-27,SONDOC,0.2,1.3
2002-07-28,SONDOC,0.1,0.7
2002-07-29,SONDOC,0.1,0.5
2002-07-30,SONDOC,0.1,0.4
2002-07-31,SONDOC,1.45,2.5999999999999996
2002-08-01,SONDOC,2.8,4.8
2002-08-02,SONDOC,3.0,5.0
2002-08-03,SONDOC,3.1,5.0
2002-08-04,SONDOC,2.9,4.9
2002-08-05,SONDOC,2.2,4.4
2002-08-06,SONDOC,2.3,4.6
2002-08-07,SONDOC,2.6,4.6
2002-08-08,SONDOC,3.2,5.0
2002-08-09,SONDOC,4.5,7.1
2002-08-10,SONDOC,4.0,8.3
2002-08-11,SONDOC,4.2,8.0
2002-08-12,SONDOC,3.5,7.5
2002-08-13,SONDOC,5.0,8.2
2002-08-14,SONDOC,5.1,8.7
2002-08-15,SONDOC,4.5,8.0
2002-08-16,SONDOC,5.1,7.6
2002-08-17,SONDOC,4.5,7.0
2002-08-18,SONDOC,3.5,6.5
2002-08-19,SONDOC,3.0,6.1
2002-08-20,SONDOC,3.0,5.9
2002-08-21,SONDOC,2.9,6.0
2002-08-22,SONDOC,3.2,5.9
2002-08-23,SONDOC,4.0,6.5
2002-08-24,SONDOC,4.5,5.7
2002-08-25,SONDOC,4.0,5.8
2002-08-26,SONDOC,4.1,6.2
2002-08-27,SONDOC,4.5,6.5
2002-08-28,SONDOC,4.4,6.3
2002-08-29,SONDOC,4.0,5.2
2002-08-30,SONDOC,4.1,5.4
2002-08-31,SONDOC,3.5,5.8
2002-09-01,SONDOC,3.0,6.8
2002-09-02,SONDOC,3.2,7.0
2002-09-03,SONDOC,2.9,7.1
2002-09-04,SONDOC,3.2,5.9
2002-09-05,SONDOC,3.1,5.8
2002-09-06,SONDOC,2.5,5.8
2002-09-07,SONDOC,2.7,5.7
2002-09-08,SONDOC,2.2,5.0
2002-09-09,SONDOC,2.0,4.8
2002-09-10,SONDOC,2.2,5.8
2002-09-11,SONDOC,3.0,6.0
2002-09-12,SONDOC,4.2,6.3
2002-09-13,SONDOC,4.8,7.5
2002-09-14,SONDOC,5.2,9.0
2002-09-15,SONDOC,6.0,8.8
2002-09-16,SONDOC,6.3,8.1
2002-09-17,SONDOC,4.6,8.3
2002-09-18,SONDOC,4.0,6.9
2002-09-19,SONDOC,4.1,7.0
2002-09-20,SONDOC,3.8,6.4
2002-09-21,SONDOC,4.0,6.3
2002-09-22,SONDOC,4.2,6.5
2002-09-23,SONDOC,4.1,6.3
2002-09-24,SONDOC,3.5,6.0
2002-09-25,SONDOC,3.6,6.1
2002-09-26,SONDOC,3.5,6.6
2002-09-27,SONDOC,3.8,6.9
2002-09-28,SONDOC,4.0,7.1
2002-09-29,SONDOC,4.2,8.0
2002-09-30,SONDOC,4.5,8.5
2002-10-01,SONDOC,0.5,3.8
2002-10-02,SONDOC,0.3,3.7
2002-10-03,SONDOC,0.3,3.7
2002-10-04,SONDOC,0.4,3.5
2002-10-05,SONDOC,0.3,3.8
2002-10-06,SONDOC,0.2,3.8
2002-10-07,SONDOC,0.4,4.0
2002-10-08,SONDOC,0.6,4.1
2002-10-09,SONDOC,1.0,4.5
2002-10-10,SONDOC,1.1,4.6
2002-10-11,SONDOC,1.2,4.8
2002-10-12,SONDOC,1.4,5.2
2002-10-13,SONDOC,1.5,5.5
2002-10-14,SONDOC,1.6,6.0
2002-10-15,SONDOC,1.2,5.0
2002-10-16,SONDOC,1.4,4.8
2002-10-17,SONDOC,1.5,5.0
2002-10-18,SONDOC,1.4,4.4
2002-10-19,SONDOC,1.2,4.0
2002-10-20,SONDOC,2.1,4.5
2002-10-21,SONDOC,2.3,4.7
2002-10-22,SONDOC,2.9,5.0
2002-10-23,SONDOC,2.9,5.0
2002-10-24,SONDOC,2.7,5.3
2002-10-25,SONDOC,2.5,5.5
2002-10-26,SONDOC,2.8,6.0
2002-10-27,SONDOC,3.0,6.2
2002-10-28,SONDOC,3.1,6.4
2002-10-29,SONDOC,3.9,6.9
2002-10-30,SONDOC,4.3,6.3
2002-10-31,SONDOC,4.0,7.0
2002-11-01,SONDOC,0.2,1.4
2002-11-02,SONDOC,0.2,1.6
2002-11-03,SONDOC,0.2,1.6
2002-11-04,SONDOC,0.2,1.7
2002-11-05,SONDOC,0.2,1.8
2002-11-06,SONDOC,0.2,0.9
2002-11-07,SONDOC,0.2,1.0
2002-11-08,SONDOC,0.2,1.1
2002-11-09,SONDOC,0.2,0.9
2002-11-10,SONDOC,0.3,1.5
2002-11-11,SONDOC,0.3,1.8
2002-11-12,SONDOC,0.2,2.5
2002-11-13,SONDOC,0.3,3.0
2002-11-14,SONDOC,0.3,1.8
2002-11-15,SONDOC,0.2,1.6
2002-11-16,SONDOC,0.1,0.8
2002-11-17,SONDOC,0.2,1.0
2002-11-18,SONDOC,0.1,1.1
2002-11-19,SONDOC,0.1,1.2
2002-11-20,SONDOC,0.2,0.7
2002-11-21,SONDOC,0.1,1.8
2002-11-22,SONDOC,0.2,2.0
2002-11-23,SONDOC,0.2,2.5
2002-11-24,SONDOC,0.8,2.6
2002-11-25,SONDOC,1.5,2.7
2002-11-26,SONDOC,1.6,3.0
2002-11-27,SONDOC,0.6,4.0
2002-11-28,SONDOC,0.2,3.5
2002-11-29,SONDOC,0.16666666666666669,2.433333333333333
2002-11-30,SONDOC,0.13333333333333333,1.3666666666666663
2002-12-01,SONDOC,0.1,0.3
2002-12-02,SONDOC,0.1,0.4
2002-12-03,SONDOC,0.2,0.4
2002-12-04,SONDOC,0.2,0.5
2002-12-05,SONDOC,0.1,0.6
2002-12-06,SONDOC,0.1,0.8
2002-12-07,SONDOC,0.2,0.8
2002-12-08,SONDOC,0.2,0.6
2002-12-09,SONDOC,0.1,0.4
2002-12-10,SONDOC,0.3,0.5
2002-12-11,SONDOC,0.2,0.7
2002-12-12,SONDOC,0.2,0.7
2002-12-13,SONDOC,0.2,0.5
2002-12-14,SONDOC,0.3,0.5
2002-12-15,SONDOC,0.2,0.5
2002-12-16,SONDOC,0.2,0.6
2002-12-17,SONDOC,0.2,0.6
2002-12-18,SONDOC,0.3,0.7
2002-12-19,SONDOC,0.3,0.7
2002-12-20,SONDOC,0.2,0.8
2002-12-21,SONDOC,0.2,0.6
2002-12-22,SONDOC,0.2,0.6
2002-12-23,SONDOC,0.3,0.8
2002-12-24,SONDOC,0.3,0.9
2002-12-25,SONDOC,0.4,1.0
2002-12-26,SONDOC,0.2,0.8
2002-12-27,SONDOC,0.2,0.6
2002-12-28,SONDOC,0.3,0.8
2002-12-29,SONDOC,0.2,1.0
2002-12-30,SONDOC,0.3,1.1
2002-12-31,SONDOC,0.3,1.3
2003-01-01,SONDOC,0.2,0.5
2003-01-02,SONDOC,0.2,0.4
2003-01-03,SONDOC,0.2,0.3
2003-01-04,SONDOC,0.3,0.5
2003-01-05,SONDOC,0.3,0.6
2003-01-06,SONDOC,0.2,0.4
2003-01-07,SONDOC,0.3,0.5
2003-01-08,SONDOC,0.2,0.7
2003-01-09,SONDOC,0.2,0.6
2003-01-10,SONDOC,0.3,0.5
2003-01-11,SONDOC,0.3,0.7
2003-01-12,SONDOC,0.2,0.6
2003-01-13,SONDOC,0.3,0.7
2003-01-14,SONDOC,0.2,0.6
2003-01-15,SONDOC,0.3,0.8
2003-01-16,SONDOC,0.4,0.9
2003-01-17,SONDOC,0.3,0.8
2003-01-18,SONDOC,0.2,0.7
2003-01-19,SONDOC,0.3,0.9
2003-01-20,SONDOC,0.5,1.0
2003-01-21,SONDOC,0.3,0.8
2003-01-22,SONDOC,0.5,1.0
2003-01-23,SONDOC,0.4,0.9
2003-01-24,SONDOC,0.3,0.8
2003-01-25,SONDOC,0.2,0.7
2003-01-26,SONDOC,0.3,0.6
2003-01-27,SONDOC,0.2,0.5
2003-01-28,SONDOC,0.2,0.6
2003-01-29,SONDOC,0.3,0.7
2003-01-30,SONDOC,0.4,0.9
2003-01-31,SONDOC,0.3,1.0
2003-02-01,SONDOC,1.0,1.6
2003-02-02,SONDOC,1.2,2.2
2003-02-03,SONDOC,1.2,3.0
2003-02-04,SONDOC,1.0,2.5
2003-02-05,SONDOC,1.1,2.3
2003-02-06,SONDOC,0.9,2.2
2003-02-07,SONDOC,0.3,2.0
2003-02-08,SONDOC,0.2,2.2
2003-02-09,SONDOC,0.14,2.1
2003-02-10,SONDOC,0.1,1.5
2003-02-11,SONDOC,0.1,1.9
2003-02-12,SONDOC,0.2,2.0
2003-02-13,SONDOC,0.1,2.1
2003-02-14,SONDOC,0.2,2.0
2003-02-15,SONDOC,0.2,2.2
2003-02-16,SONDOC,0.2,2.4
2003-02-17,SONDOC,0.1,2.5
2003-02-18,SONDOC,0.1,4.5
2003-02-19,SONDOC,0.1,5.0
2003-02-20,SONDOC,0.2,4.5
2003-02-21,SONDOC,0.1,4.0
2003-02-22,SONDOC,0.2,3.5
2003-02-23,SONDOC,0.1,3.0
2003-02-24,SONDOC,0.2,2.5
2003-02-25,SONDOC,0.1,1.8
2003-02-26,SONDOC,0.1,2.8
2003-02-27,SONDOC,0.1,2.2
2003-02-28,SONDOC,0.2,2.3
2003-03-01,SONDOC,0.1,2.7
2003-03-02,SONDOC,0.1,3.8
2003-03-03,SONDOC,0.1,3.0
2003-03-04,SONDOC,0.1,4.5
2003-03-05,SONDOC,0.2,5.0
2003-03-06,SONDOC,0.3,5.5
2003-03-07,SONDOC,0.8,6.0
2003-03-08,SONDOC,1.5,6.5
2003-03-09,SONDOC,1.2,7.0
2003-03-10,SONDOC,1.4,7.5
2003-03-11,SONDOC,1.3,8.0
2003-03-12,SONDOC,1.2,9.0
2003-03-13,SONDOC,1.0,10.1
2003-03-14,SONDOC,2.0,8.1
2003-03-15,SONDOC,3.0,8.0
2003-03-16,SONDOC,3.5,7.5
2003-03-17,SONDOC,3.0,7.0
2003-03-18,SONDOC,3.1,7.5
2003-03-19,SONDOC,3.0,8.0
2003-03-20,SONDOC,3.8,9.0
2003-03-21,SONDOC,3.9,10.0
2003-03-22,SONDOC,3.8,10.2
2003-03-23,SONDOC,4.0,10.1
2003-03-24,SONDOC,4.1,9.8
2003-03-25,SONDOC,4.0,10.3
2003-03-26,SONDOC,4.2,9.7
2003-03-27,SONDOC,4.7,9.8
2003-03-28,SONDOC,4.5,9.2
2003-03-29,SONDOC,4.2,9.0
2003-03-30,SONDOC,4.1,8.8
2003-03-31,SONDOC,4.0,8.7
2003-04-01,SONDOC,2.8,7.5
2003-04-02,SONDOC,3.0,8.2
2003-04-03,SONDOC,3.2,8.9
2003-04-04,SONDOC,2.8,9.0
2003-04-05,SONDOC,3.0,7.8
2003-04-06,SONDOC,2.9,7.4
2003-04-07,SONDOC,3.2,7.1
2003-04-08,SONDOC,2.7,7.0
2003-04-09,SONDOC,3.0,6.1
2003-04-10,SONDOC,2.5,6.8
2003-04-11,SONDOC,0.5,6.5
2003-04-12,SONDOC,1.0,7.2
2003-04-13,SONDOC,2.2,7.5
2003-04-14,SONDOC,2.5,7.0
2003-04-15,SONDOC,2.0,6.5
2003-04-16,SONDOC,1.8,7.5
2003-04-17,SONDOC,3.5,8.2
2003-04-18,SONDOC,4.1,9.0
2003-04-19,SONDOC,2.5,8.5
2003-04-20,SONDOC,3.9,9.2
2003-04-21,SONDOC,3.5,9.0
2003-04-22,SONDOC,3.8,8.5
2003-04-23,SONDOC,4.0,8.0
2003-04-24,SONDOC,4.1,7.5
2003-04-25,SONDOC,4.2,7.4
2003-04-26,SONDOC,4.0,7.0
2003-04-27,SONDOC,4.4,7.8
2003-04-28,SONDOC,4.6,8.6
2003-04-29,SONDOC,4.0,8.2
2003-04-30,SONDOC,5.2,8.5
2003-05-01,SONDOC,3.5,7.0
2003-05-02,SONDOC,3.0,6.3
2003-05-03,SONDOC,2.8,6.0
2003-05-04,SONDOC,3.5,6.5
2003-05-05,SONDOC,3.8,6.8
2003-05-06,SONDOC,3.5,6.1
2003-05-07,SONDOC,2.9,6.0
2003-05-08,SONDOC,3.0,6.2
2003-05-09,SONDOC,3.2,6.5
2003-05-10,SONDOC,3.4,6.6
2003-05-11,SONDOC,3.3,6.7
2003-05-12,SONDOC,3.4,6.4
2003-05-13,SONDOC,3.7,6.7
2003-05-14,SONDOC,3.5,6.9
2003-05-15,SONDOC,4.0,7.0
2003-05-16,SONDOC,3.5,6.5
2003-05-17,SONDOC,3.0,6.8
2003-05-18,SONDOC,3.2,7.2
2003-05-19,SONDOC,3.0,6.0
2003-05-20,SONDOC,2.5,5.8
2003-05-21,SONDOC,2.0,5.5
2003-05-22,SONDOC,2.4,6.0
2003-05-23,SONDOC,2.3,5.8
2003-05-24,SONDOC,2.0,5.2
2003-05-25,SONDOC,2.6,6.0
2003-05-26,SONDOC,2.8,7.0
2003-05-27,SONDOC,2.0,5.0
2003-05-28,SONDOC,1.8,4.5
2003-05-29,SONDOC,1.5,4.0
2003-05-30,SONDOC,1.8,4.1
2003-05-31,SONDOC,1.6,4.0
2003-06-01,SONDOC,1.8,3.0
2003-06-02,SONDOC,2.0,3.2
2003-06-03,SONDOC,2.0,3.1
2003-06-04,SONDOC,2.0,3.1
2003-06-05,SONDOC,1.5,2.8
2003-06-06,SONDOC,1.0,2.5
2003-06-07,SONDOC,1.1,2.0
2003-06-08,SONDOC,1.3,2.2
2003-06-09,SONDOC,1.0,2.1
2003-06-10,SONDOC,1.0,1.9
2003-06-11,SONDOC,1.0,2.1
2003-06-12,SONDOC,0.9,1.8
2003-06-13,SONDOC,0.8,1.7
2003-06-14,SONDOC,0.7,1.5
2003-06-15,SONDOC,0.8,1.4
2003-06-16,SONDOC,1.0,1.2
2003-06-17,SONDOC,1.0,1.3
2003-06-18,SONDOC,1.0,1.3
2003-06-19,SONDOC,0.9,1.4
2003-06-20,SONDOC,1.0,1.5
2003-06-21,SONDOC,1.0,1.6
2003-06-22,SONDOC,1.2,1.4
2003-06-23,SONDOC,1.1,1.8
2003-06-24,SONDOC,1.1,1.7
2003-06-25,SONDOC,1.1,1.5
2003-06-26,SONDOC,0.9,1.1
2003-06-27,SONDOC,0.8,1.0
2003-06-28,SONDOC,0.7,1.0
2003-06-29,SONDOC,0.8,0.9
2003-06-30,SONDOC,0.7,0.8
2003-07-01,SONDOC,1.8,3.0
2003-07-02,SONDOC,2.0,3.2
2003-07-03,SONDOC,2.0,3.1
2003-07-04,SONDOC,2.0,3.1
2003-07-05,SONDOC,1.5,2.8
2003-07-06,SONDOC,1.0,2.5
2003-07-07,SONDOC,1.1,2.0
2003-07-08,SONDOC,1.3,2.2
2003-07-09,SONDOC,1.0,2.1
2003-07-10,SONDOC,1.0,1.9
2003-07-11,SONDOC,1.0,2.1
2003-07-12,SONDOC,0.9,1.8
2003-07-13,SONDOC,0.8,1.7
2003-07-14,SONDOC,0.7,1.5
2003-07-15,SONDOC,0.8,1.4
2003-07-16,SONDOC,1.0,1.2
2003-07-17,SONDOC,1.0,1.3
2003-07-18,SONDOC,1.0,1.3
2003-07-19,SONDOC,0.9,1.4
2003-07-20,SONDOC,1.0,1.5
2003-07-21,SONDOC,1.0,1.6
2003-07-22,SONDOC,1.2,1.4
2003-07-23,SONDOC,1.1,1.8
2003-07-24,SONDOC,1.1,1.7
2003-07-25,SONDOC,1.1,1.5
2003-07-26,SONDOC,0.9,1.1
2003-07-27,SONDOC,0.8,1.0
2003-07-28,SONDOC,0.7,1.0
2003-07-29,SONDOC,0.8,0.9
2003-07-30,SONDOC,0.7,0.8
2003-07-31,SONDOC,2.0999999999999996,3.9000000000000004
2003-08-01,SONDOC,3.5,7.0
2003-08-02,SONDOC,3.0,6.3
2003-08-03,SONDOC,2.8,6.0
2003-08-04,SONDOC,3.5,6.5
2003-08-05,SONDOC,3.8,6.8
2003-08-06,SONDOC,3.5,6.1
2003-08-07,SONDOC,2.9,6.0
2003-08-08,SONDOC,3.0,6.2
2003-08-09,SONDOC,3.2,6.5
2003-08-10,SONDOC,3.4,6.6
2003-08-11,SONDOC,3.3,6.7
2003-08-12,SONDOC,3.4,6.4
2003-08-13,SONDOC,3.7,6.7
2003-08-14,SONDOC,3.5,6.9
2003-08-15,SONDOC,4.0,7.0
2003-08-16,SONDOC,3.5,6.5
2003-08-17,SONDOC,3.0,6.8
2003-08-18,SONDOC,3.2,7.2
2003-08-19,SONDOC,3.0,6.0
2003-08-20,SONDOC,2.5,5.8
2003-08-21,SONDOC,2.0,5.5
2003-08-22,SONDOC,2.4,6.0
2003-08-23,SONDOC,2.3,5.8
2003-08-24,SONDOC,2.0,5.2
2003-08-25,SONDOC,2.6,6.0
2003-08-26,SONDOC,2.8,7.0
2003-08-27,SONDOC,2.0,5.0
2003-08-28,SONDOC,1.8,4.5
2003-08-29,SONDOC,1.5,4.0
2003-08-30,SONDOC,1.8,4.1
2003-08-31,SONDOC,1.6,4.0
2003-09-01,SONDOC,2.8,7.5
2003-09-02,SONDOC,3.0,8.2
2003-09-03,SONDOC,3.2,8.9
2003-09-04,SONDOC,2.8,9.0
2003-09-05,SONDOC,3.0,7.8
2003-09-06,SONDOC,2.9,7.4
2003-09-07,SONDOC,3.2,7.1
2003-09-08,SONDOC,2.7,7.0
2003-09-09,SONDOC,3.0,6.1
2003-09-10,SONDOC,2.5,6.8
2003-09-11,SONDOC,0.5,6.5
2003-09-12,SONDOC,1.0,7.2
2003-09-13,SONDOC,2.2,7.5
2003-09-14,SONDOC,2.5,7.0
2003-09-15,SONDOC,2.0,6.5
2003-09-16,SONDOC,1.8,7.5
2003-09-17,SONDOC,3.5,8.2
2003-09-18,SONDOC,4.1,9.0
2003-09-19,SONDOC,2.5,8.5
2003-09-20,SONDOC,3.9,9.2
2003-09-21,SONDOC,3.5,9.0
2003-09-22,SONDOC,3.8,8.5
2003-09-23,SONDOC,4.0,8.0
2003-09-24,SONDOC,4.1,7.5
2003-09-25,SONDOC,4.2,7.4
2003-09-26,SONDOC,4.0,7.0
2003-09-27,SONDOC,4.4,7.8
2003-09-28,SONDOC,4.6,8.6
2003-09-29,SONDOC,4.0,8.2
2003-09-30,SONDOC,5.2,8.5
2003-10-01,SONDOC,0.1,2.7
2003-10-02,SONDOC,0.1,3.8
2003-10-03,SONDOC,0.1,3.0
2003-10-04,SONDOC,0.1,4.5
2003-10-05,SONDOC,0.2,5.0
2003-10-06,SONDOC,0.3,5.5
2003-10-07,SONDOC,0.8,6.0
2003-10-08,SONDOC,1.5,6.5
2003-10-09,SONDOC,1.2,7.0
2003-10-10,SONDOC,1.4,7.5
2003-10-11,SONDOC,1.3,8.0
2003-10-12,SONDOC,1.2,9.0
2003-10-13,SONDOC,1.0,10.1
2003-10-14,SONDOC,2.0,8.1
2003-10-15,SONDOC,3.0,8.0
2003-10-16,SONDOC,3.5,7.5
2003-10-17,SONDOC,3.0,7.0
2003-10-18,SONDOC,3.1,7.5
2003-10-19,SONDOC,3.0,8.0
2003-10-20,SONDOC,3.8,9.0
2003-10-21,SONDOC,3.9,10.0
2003-10-22,SONDOC,3.8,10.2
2003-10-23,SONDOC,4.0,10.1
2003-10-24,SONDOC,4.1,9.8
2003-10-25,SONDOC,4.0,10.3
2003-10-26,SONDOC,4.2,9.7
2003-10-27,SONDOC,4.7,9.8
2003-10-28,SONDOC,4.5,9.2
2003-10-29,SONDOC,4.2,9.0
2003-10-30,SONDOC,4.1,8.8
2003-10-31,SONDOC,4.0,8.7
2003-11-01,SONDOC,1.0,1.6
2003-11-02,SONDOC,1.2,2.2
2003-11-03,SONDOC,1.2,3.0
2003-11-04,SONDOC,1.0,2.5
2003-11-05,SONDOC,1.1,2.3
2003-11-06,SONDOC,0.9,2.2
2003-11-07,SONDOC,0.3,2.0
2003-11-08,SONDOC,0.2,2.2
2003-11-09,SONDOC,0.14,2.1
2003-11-10,SONDOC,0.1,1.5
2003-11-11,SONDOC,0.1,1.9
2003-11-12,SONDOC,0.2,2.0
2003-11-13,SONDOC,0.1,2.1
2003-11-14,SONDOC,0.2,2.0
2003-11-15,SONDOC,0.2,2.2
2003-11-16,SONDOC,0.2,2.4
2003-11-17,SONDOC,0.1,2.5
2003-11-18,SONDOC,0.1,4.5
2003-11-19,SONDOC,0.1,5.0
2003-11-20,SONDOC,0.2,4.5
2003-11-21,SONDOC,0.1,4.0
2003-11-22,SONDOC,0.2,3.5
2003-11-23,SONDOC,0.1,3.0
2003-11-24,SONDOC,0.2,2.5
2003-11-25,SONDOC,0.1,1.8
2003-11-26,SONDOC,0.1,2.8
2003-11-27,SONDOC,0.1,2.2
2003-11-28,SONDOC,0.2,2.3
2003-11-29,SONDOC,0.2,1.6999999999999997
2003-11-30,SONDOC,0.2,1.0999999999999999
2003-12-01,SONDOC,0.2,0.5
2003-12-02,SONDOC,0.2,0.4
2003-12-03,SONDOC,0.2,0.3
2003-12-04,SONDOC,0.3,0.5
2003-12-05,SONDOC,0.3,0.6
2003-12-06,SONDOC,0.2,0.4
2003-12-07,SONDOC,0.3,0.5
2003-12-08,SONDOC,0.2,0.7
2003-12-09,SONDOC,0.2,0.6
2003-12-10,SONDOC,0.3,0.5
2003-12-11,SONDOC,0.3,0.7
2003-12-12,SONDOC,0.2,0.6
2003-12-13,SONDOC,0.3,0.7
2003-12-14,SONDOC,0.2,0.6
2003-12-15,SONDOC,0.3,0.8
2003-12-16,SONDOC,0.4,0.9
2003-12-17,SONDOC,0.3,0.8
2003-12-18,SONDOC,0.2,0.7
2003-12-19,SONDOC,0.3,0.9
2003-12-20,SONDOC,0.5,1.0
2003-12-21,SONDOC,0.3,0.8
2003-12-22,SONDOC,0.5,1.0
2003-12-23,SONDOC,0.4,0.9
2003-12-24,SONDOC,0.3,0.8
2003-12-25,SONDOC,0.2,0.7
2003-12-26,SONDOC,0.3,0.6
2003-12-27,SONDOC,0.2,0.5
2003-12-28,SONDOC,0.2,0.6
2003-12-29,SONDOC,0.3,0.7
2003-12-30,SONDOC,0.4,0.9
2003-12-31,SONDOC,0.3,1.0
2004-01-01,SONDOC,0.01,0.1
2004-01-02,SONDOC,0.1,0.2
2004-01-03,SONDOC,0.1,0.3
2004-01-04,SONDOC,0.2,0.5
2004-01-05,SONDOC,0.5,0.8
2004-01-06,SONDOC,0.6,0.95
2004-01-07,SONDOC,1.2,4.2
2004-01-08,SONDOC,1.6,6.7
2004-01-09,SONDOC,1.4,3.5
2004-01-10,SONDOC,1.1,1.8
2004-01-11,SONDOC,0.8,1.5
2004-01-12,SONDOC,0.6,1.2
2004-01-13,SONDOC,0.3,0.9
2004-01-14,SONDOC,0.2,0.6
2004-01-15,SONDOC,0.2,0.8
2004-01-16,SONDOC,0.5,1.2
2004-01-17,SONDOC,0.9,1.8
2004-01-18,SONDOC,1.3,2.4
2004-01-19,SONDOC,1.9,3.1
2004-01-20,SONDOC,2.6,3.8
2004-01-21,SONDOC,2.9,4.5
2004-01-22,SONDOC,2.8,3.7
2004-01-23,SONDOC,1.9,2.6
2004-01-24,SONDOC,1.9,2.9
2004-01-25,SONDOC,1.6,2.7
2004-01-26,SONDOC,0.9,1.6
2004-01-27,SONDOC,0.6,1.3
2004-01-28,SONDOC,0.5,0.9
2004-01-29,SONDOC,0.3,0.6
2004-01-30,SONDOC,0.2,0.5
2004-01-31,SONDOC,0.3,0.8
2004-02-01,SONDOC,0.45,4.14
2004-02-02,SONDOC,0.5,4.6
2004-02-03,SONDOC,0.62,5.704
2004-02-04,SONDOC,0.65,5.98
2004-02-05,SONDOC,0.8,7.3599999999999985
2004-02-06,SONDOC,1.7,7.8
2004-02-07,SONDOC,2.8,9.2
2004-02-08,SONDOC,1.0,9.2
2004-02-09,SONDOC,2.5,8.9
2004-02-10,SONDOC,2.9,9.8
2004-02-11,SONDOC,3.4,9.3
2004-02-12,SONDOC,4.1,9.2
2004-02-13,SONDOC,3.4,11.0
2004-02-14,SONDOC,3.4,9.3
2004-02-15,SONDOC,3.7,9.7
2004-02-16,SONDOC,3.9,10.7
2004-02-17,SONDOC,4.369999999999999,11.02
2004-02-18,SONDOC,4.232,11.252
2004-02-19,SONDOC,4.3,11.6
2004-02-20,SONDOC,3.9,11.3
2004-02-21,SONDOC,4.6,11.6
2004-02-22,SONDOC,2.1,10.8
2004-02-23,SONDOC,0.29,10.15
2004-02-24,SONDOC,0.15000000000000002,9.1
2004-02-25,SONDOC,1.0,7.0
2004-02-26,SONDOC,1.6,7.700000000000001
2004-02-27,SONDOC,2.1,8.1
2004-02-28,SONDOC,1.2,4.6
2004-02-29,SONDOC,0.1,3.5
2004-03-01,SONDOC,3.87,7.515
2004-03-02,SONDOC,4.3,8.35
2004-03-03,SONDOC,5.332000000000002,10.354000000000001
2004-03-04,SONDOC,5.59,12.525
2004-03-05,SONDOC,6.88,15.03
2004-03-06,SONDOC,7.3,15.7
2004-03-07,SONDOC,7.9,16.2
2004-03-08,SONDOC,8.6,16.7
2004-03-09,SONDOC,5.9,15.8
2004-03-10,SONDOC,7.8,13.4
2004-03-11,SONDOC,7.649999999999999,13.6
2004-03-12,SONDOC,6.5,14.5
2004-03-13,SONDOC,8.1,13.8
2004-03-14,SONDOC,9.0,13.6
2004-03-15,SONDOC,8.7,13.2
2004-03-16,SONDOC,8.5,12.7
2004-03-17,SONDOC,6.820000000000001,12.16
2004-03-18,SONDOC,7.439999999999999,11.776000000000002
2004-03-19,SONDOC,7.8,11.2
2004-03-20,SONDOC,6.0,10.6
2004-03-21,SONDOC,6.2,12.8
2004-03-22,SONDOC,7.6,12.1
2004-03-23,SONDOC,8.28,11.44
2004-03-24,SONDOC,5.94,10.920000000000002
2004-03-25,SONDOC,4.14,10.4
2004-03-26,SONDOC,3.22,9.36
2004-03-27,SONDOC,3.6,9.5
2004-03-28,SONDOC,4.1,9.8
2004-03-29,SONDOC,4.6,10.4
2004-03-30,SONDOC,3.3,11.4
2004-03-31,SONDOC,2.7,12.2
2004-04-01,SONDOC,3.915,7.8
2004-04-02,SONDOC,4.35,9.185
2004-04-03,SONDOC,5.393999999999999,10.354000000000001
2004-04-04,SONDOC,5.6549999999999985,11.69
2004-04-05,SONDOC,6.96,15.03
2004-04-06,SONDOC,8.3,15.7
2004-04-07,SONDOC,9.5,16.8
2004-04-08,SONDOC,8.7,16.7
2004-04-09,SONDOC,8.5,17.2
2004-04-10,SONDOC,8.4,15.4
2004-04-11,SONDOC,8.075,13.5
2004-04-12,SONDOC,9.2,14.6
2004-04-13,SONDOC,8.4,13.5
2004-04-14,SONDOC,8.5,15.0
2004-04-15,SONDOC,8.1,14.2
2004-04-16,SONDOC,7.6,13.5
2004-04-17,SONDOC,7.409999999999997,12.255
2004-04-18,SONDOC,7.566,12.513
2004-04-19,SONDOC,7.1,13.5
2004-04-20,SONDOC,8.0,12.8
2004-04-21,SONDOC,7.8,12.9
2004-04-22,SONDOC,8.1,12.9
2004-04-23,SONDOC,6.12,12.64
2004-04-24,SONDOC,5.44,11.06
2004-04-25,SONDOC,6.12,9.48
2004-04-26,SONDOC,7.48,12.64
2004-04-27,SONDOC,8.0,14.2
2004-04-28,SONDOC,9.0,14.2
2004-04-29,SONDOC,6.8,15.8
2004-04-30,SONDOC,5.7,13.2
2004-05-01,SONDOC,3.6,6.210000000000001
2004-05-02,SONDOC,4.0,6.9
2004-05-03,SONDOC,4.96,8.556000000000001
2004-05-04,SONDOC,5.2,8.97
2004-05-05,SONDOC,6.4,13.662
2004-05-06,SONDOC,7.8,15.0
2004-05-07,SONDOC,9.2,15.2
2004-05-08,SONDOC,8.0,13.8
2004-05-09,SONDOC,8.5,12.7
2004-05-10,SONDOC,8.1,11.5
2004-05-11,SONDOC,7.649999999999999,10.8
2004-05-12,SONDOC,6.5,11.7
2004-05-13,SONDOC,5.6,11.9
2004-05-14,SONDOC,5.1,12.0
2004-05-15,SONDOC,6.1,11.8
2004-05-16,SONDOC,5.8,11.0
2004-05-17,SONDOC,0.95,4.845
2004-05-18,SONDOC,1.5,4.997999999999998
2004-05-19,SONDOC,2.0,6.1
2004-05-20,SONDOC,1.8,5.5
2004-05-21,SONDOC,1.0,5.1
2004-05-22,SONDOC,1.0,3.4
2004-05-23,SONDOC,1.44,2.49
2004-05-24,SONDOC,1.2,1.66
2004-05-25,SONDOC,1.08,4.15
2004-05-26,SONDOC,0.72,5.0
2004-05-27,SONDOC,0.8,6.7
2004-05-28,SONDOC,1.1,7.6
2004-05-29,SONDOC,1.2,8.3
2004-05-30,SONDOC,2.1,10.0
2004-05-31,SONDOC,3.8,9.2
2004-06-01,SONDOC,3.2,6.5
2004-06-02,SONDOC,3.6,7.0
2004-06-03,SONDOC,4.1,7.5
2004-06-04,SONDOC,3.5,6.1
2004-06-05,SONDOC,3.8,6.3
2004-06-06,SONDOC,4.2,6.5
2004-06-07,SONDOC,4.1,6.8
2004-06-08,SONDOC,5.1,7.3
2004-06-09,SONDOC,4.6,6.5
2004-06-10,SONDOC,4.0,6.0
2004-06-11,SONDOC,3.7,5.5
2004-06-12,SONDOC,3.9,5.9
2004-06-13,SONDOC,3.3,5.4
2004-06-14,SONDOC,4.1,6.1
2004-06-15,SONDOC,3.9,6.3
2004-06-16,SONDOC,3.0,6.5
2004-06-17,SONDOC,3.5,4.6
2004-06-18,SONDOC,3.7,4.8
2004-06-19,SONDOC,3.2,4.5
2004-06-20,SONDOC,3.6,4.7
2004-06-21,SONDOC,3.9,4.9
2004-06-22,SONDOC,2.8,3.2
2004-06-23,SONDOC,2.1,2.4
2004-06-24,SONDOC,1.4,1.6
2004-06-25,SONDOC,3.1,3.5
2004-06-26,SONDOC,3.4,3.8
2004-06-27,SONDOC,3.6,4.5
2004-06-28,SONDOC,3.8,4.8
2004-06-29,SONDOC,3.3,5.5
2004-06-30,SONDOC,3.7,5.9
2004-07-01,SONDOC,3.2,6.5
2004-07-02,SONDOC,3.6,7.0
2004-07-03,SONDOC,4.1,7.5
2004-07-04,SONDOC,3.5,6.1
2004-07-05,SONDOC,3.8,6.3
2004-07-06,SONDOC,4.2,6.5
2004-07-07,SONDOC,4.1,6.8
2004-07-08,SONDOC,5.1,7.3
2004-07-09,SONDOC,4.6,6.5
2004-07-10,SONDOC,4.0,6.0
2004-07-11,SONDOC,3.7,5.5
2004-07-12,SONDOC,3.9,5.9
2004-07-13,SONDOC,3.3,5.4
2004-07-14,SONDOC,4.1,6.1
2004-07-15,SONDOC,3.9,6.3
2004-07-16,SONDOC,3.0,6.5
2004-07-17,SONDOC,3.5,4.6
2004-07-18,SONDOC,3.7,4.8
2004-07-19,SONDOC,3.2,4.5
2004-07-20,SONDOC,3.6,4.7
2004-07-21,SONDOC,3.9,4.9
2004-07-22,SONDOC,2.8,3.2
2004-07-23,SONDOC,2.1,2.4
2004-07-24,SONDOC,1.4,1.6
2004-07-25,SONDOC,3.1,3.5
2004-07-26,SONDOC,3.4,3.8
2004-07-27,SONDOC,3.6,4.5
2004-07-28,SONDOC,3.8,4.8
2004-07-29,SONDOC,3.3,5.5
2004-07-30,SONDOC,3.7,5.9
2004-07-31,SONDOC,3.65,6.055000000000001
2004-08-01,SONDOC,3.6,6.210000000000001
2004-08-02,SONDOC,4.0,6.9
2004-08-03,SONDOC,4.96,8.556000000000001
2004-08-04,SONDOC,5.2,8.97
2004-08-05,SONDOC,6.4,13.662
2004-08-06,SONDOC,7.8,15.0
2004-08-07,SONDOC,9.2,15.2
2004-08-08,SONDOC,8.0,13.8
2004-08-09,SONDOC,8.5,12.7
2004-08-10,SONDOC,8.1,11.5
2004-08-11,SONDOC,7.649999999999999,10.8
2004-08-12,SONDOC,6.5,11.7
2004-08-13,SONDOC,5.6,11.9
2004-08-14,SONDOC,5.1,12.0
2004-08-15,SONDOC,6.1,11.8
2004-08-16,SONDOC,5.8,11.0
2004-08-17,SONDOC,0.95,4.845
2004-08-18,SONDOC,1.5,4.997999999999998
2004-08-19,SONDOC,2.0,6.1
2004-08-20,SONDOC,1.8,5.5
2004-08-21,SONDOC,1.0,5.1
2004-08-22,SONDOC,1.0,3.4
2004-08-23,SONDOC,1.44,2.49
2004-08-24,SONDOC,1.2,1.66
2004-08-25,SONDOC,1.08,4.15
2004-08-26,SONDOC,0.72,5.0
2004-08-27,SONDOC,0.8,6.7
2004-08-28,SONDOC,1.1,7.6
2004-08-29,SONDOC,1.2,8.3
2004-08-30,SONDOC,2.1,10.0
2004-08-31,SONDOC,3.8,9.2
2004-09-01,SONDOC,3.915,7.8
2004-09-02,SONDOC,4.35,9.185
2004-09-03,SONDOC,5.393999999999999,10.354000000000001
2004-09-04,SONDOC,5.6549999999999985,11.69
2004-09-05,SONDOC,6.96,15.03
2004-09-06,SONDOC,8.3,15.7
2004-09-07,SONDOC,9.5,16.8
2004-09-08,SONDOC,8.7,16.7
2004-09-09,SONDOC,8.5,17.2
2004-09-10,SONDOC,8.4,15.4
2004-09-11,SONDOC,8.075,13.5
2004-09-12,SONDOC,9.2,14.6
2004-09-13,SONDOC,8.4,13.5
2004-09-14,SONDOC,8.5,15.0
2004-09-15,SONDOC,8.1,14.2
2004-09-16,SONDOC,7.6,13.5
2004-09-17,SONDOC,7.409999999999997,12.255
2004-09-18,SONDOC,7.566,12.513
2004-09-19,SONDOC,7.1,13.5
2004-09-20,SONDOC,8.0,12.8
2004-09-21,SONDOC,7.8,12.9
2004-09-22,SONDOC,8.1,12.9
2004-09-23,SONDOC,6.12,12.64
2004-09-24,SONDOC,5.44,11.06
2004-09-25,SONDOC,6.12,9.48
2004-09-26,SONDOC,7.48,12.64
2004-09-27,SONDOC,8.0,14.2
2004-09-28,SONDOC,9.0,14.2
2004-09-29,SONDOC,6.8,15.8
2004-09-30,SONDOC,5.7,13.2
2004-10-01,SONDOC,3.87,7.515
2004-10-02,SONDOC,4.3,8.35
2004-10-03,SONDOC,5.332000000000002,10.354000000000001
2004-10-04,SONDOC,5.59,12.525
2004-10-05,SONDOC,6.88,15.03
2004-10-06,SONDOC,7.3,15.7
2004-10-07,SONDOC,7.9,16.2
2004-10-08,SONDOC,8.6,16.7
2004-10-09,SONDOC,5.9,15.8
2004-10-10,SONDOC,7.8,13.4
2004-10-11,SONDOC,7.649999999999999,13.6
2004-10-12,SONDOC,6.5,14.5
2004-10-13,SONDOC,8.1,13.8
2004-10-14,SONDOC,9.0,13.6
2004-10-15,SONDOC,8.7,13.2
2004-10-16,SONDOC,8.5,12.7
2004-10-17,SONDOC,6.820000000000001,12.16
2004-10-18,SONDOC,7.439999999999999,11.776000000000002
2004-10-19,SONDOC,7.8,11.2
2004-10-20,SONDOC,6.0,10.6
2004-10-21,SONDOC,6.2,12.8
2004-10-22,SONDOC,7.6,12.1
2004-10-23,SONDOC,8.28,11.44
2004-10-24,SONDOC,5.94,10.920000000000002
2004-10-25,SONDOC,4.14,10.4
2004-10-26,SONDOC,3.22,9.36
2004-10-27,SONDOC,3.6,9.5
2004-10-28,SONDOC,4.1,9.8
2004-10-29,SONDOC,4.6,10.4
2004-10-30,SONDOC,3.3,11.4
2004-10-31,SONDOC,2.7,12.2
2004-11-01,SONDOC,0.45,4.14
2004-11-02,SONDOC,0.5,4.6
2004-11-03,SONDOC,0.62,5.704
2004-11-04,SONDOC,0.65,5.98
2004-11-05,SONDOC,0.8,7.3599999999999985
2004-11-06,SONDOC,1.7,7.8
2004-11-07,SONDOC,2.8,9.2
2004-11-08,SONDOC,1.0,9.2
2004-11-09,SONDOC,2.5,8.9
2004-11-10,SONDOC,2.9,9.8
2004-11-11,SONDOC,3.4,9.3
2004-11-12,SONDOC,4.1,9.2
2004-11-13,SONDOC,3.4,11.0
2004-11-14,SONDOC,3.4,9.3
2004-11-15,SONDOC,3.7,9.7
2004-11-16,SONDOC,3.9,10.7
2004-11-17,SONDOC,4.369999999999999,11.02
2004-11-18,SONDOC,4.232,11.252
2004-11-19,SONDOC,4.3,11.6
2004-11-20,SONDOC,3.9,11.3
2004-11-21,SONDOC,4.6,11.6
2004-11-22,SONDOC,2.1,10.8
2004-11-23,SONDOC,0.29,10.15
2004-11-24,SONDOC,0.15000000000000002,9.1
2004-11-25,SONDOC,1.0,7.0
2004-11-26,SONDOC,1.6,7.700000000000001
2004-11-27,SONDOC,2.1,8.1
2004-11-28,SONDOC,1.2,4.6
2004-11-29,SONDOC,0.1,3.5
2004-11-30,SONDOC,0.05500000000000001,1.8
2004-12-01,SONDOC,0.01,0.1
2004-12-02,SONDOC,0.1,0.2
2004-12-03,SONDOC,0.1,0.3
2004-12-04,SONDOC,0.2,0.5
2004-12-05,SONDOC,0.5,0.8
2004-12-06,SONDOC,0.6,0.95
2004-12-07,SONDOC,1.2,4.2
2004-12-08,SONDOC,1.6,6.7
2004-12-09,SONDOC,1.4,3.5
2004-12-10,SONDOC,1.1,1.8
2004-12-11,SONDOC,0.8,1.5
2004-12-12,SONDOC,0.6,1.2
2004-12-13,SONDOC,0.3,0.9
2004-12-14,SONDOC,0.2,0.6
2004-12-15,SONDOC,0.2,0.8
2004-12-16,SONDOC,0.5,1.2
2004-12-17,SONDOC,0.9,1.8
2004-12-18,SONDOC,1.3,2.4
2004-12-19,SONDOC,1.9,3.1
2004-12-20,SONDOC,2.6,3.8
2004-12-21,SONDOC,2.9,4.5
2004-12-22,SONDOC,2.8,3.7
2004-12-23,SONDOC,1.9,2.6
2004-12-24,SONDOC,1.9,2.9
2004-12-25,SONDOC,1.6,2.7
2004-12-26,SONDOC,0.9,1.6
2004-12-27,SONDOC,0.6,1.3
2004-12-28,SONDOC,0.5,0.9
2004-12-29,SONDOC,0.3,0.6
2004-12-30,SONDOC,0.2,0.5
2004-12-31,SONDOC,0.3,0.8
2005-01-01,SONDOC,0.1,0.4
2005-01-02,SONDOC,0.1,0.4
2005-01-03,SONDOC,0.2,0.4
2005-01-04,SONDOC,0.1,0.5
2005-01-05,SONDOC,0.3,0.7
2005-01-06,SONDOC,0.3,1.0
2005-01-07,SONDOC,0.4,1.1
2005-01-08,SONDOC,0.3,1.0
2005-01-09,SONDOC,0.3,1.2
2005-01-10,SONDOC,0.4,1.4
2005-01-11,SONDOC,0.2,0.6
2005-01-12,SONDOC,0.2,0.7
2005-01-13,SONDOC,0.3,0.9
2005-01-14,SONDOC,0.4,1.1
2005-01-15,SONDOC,0.4,1.2
2005-01-16,SONDOC,0.3,1.4
2005-01-17,SONDOC,0.3,2.0
2005-01-18,SONDOC,0.2,2.1
2005-01-19,SONDOC,0.4,2.5
2005-01-20,SONDOC,0.5,2.7
2005-01-21,SONDOC,0.6,5.2
2005-01-22,SONDOC,0.7,6.9
2005-01-23,SONDOC,1.2,5.0
2005-01-24,SONDOC,0.9,4.5
2005-01-25,SONDOC,0.8,2.5
2005-01-26,SONDOC,0.7,2.8
2005-01-27,SONDOC,0.5,2.0
2005-01-28,SONDOC,0.3,1.6
2005-01-29,SONDOC,0.4,1.9
2005-01-30,SONDOC,0.3,1.5
2005-01-31,SONDOC,0.2,1.0
2005-02-01,SONDOC,0.1,1.2
2005-02-02,SONDOC,0.1,1.0
2005-02-03,SONDOC,0.1,1.9
2005-02-04,SONDOC,0.2,2.1
2005-02-05,SONDOC,0.3,2.5
2005-02-06,SONDOC,0.3,2.6
2005-02-07,SONDOC,0.5,2.8
2005-02-08,SONDOC,0.3,3.5
2005-02-09,SONDOC,0.3,5.6
2005-02-10,SONDOC,0.2,7.3
2005-02-11,SONDOC,0.5,10.0
2005-02-12,SONDOC,0.9,8.7
2005-02-13,SONDOC,0.7,8.2
2005-02-14,SONDOC,0.9,8.0
2005-02-15,SONDOC,0.6,5.6
2005-02-16,SONDOC,0.5,3.8
2005-02-17,SONDOC,0.1,2.6
2005-02-18,SONDOC,0.1,3.3
2005-02-19,SONDOC,0.1,8.6
2005-02-20,SONDOC,0.9,8.9
2005-02-21,SONDOC,0.8,9.5
2005-02-22,SONDOC,2.1,9.8
2005-02-23,SONDOC,3.7,10.5
2005-02-24,SONDOC,2.9,10.6
2005-02-25,SONDOC,3.2,9.4
2005-02-26,SONDOC,3.0,9.2
2005-02-27,SONDOC,2.5,9.8
2005-02-28,SONDOC,3.0,9.9
2005-03-01,SONDOC,3.6,10.3
2005-03-02,SONDOC,3.8,11.0
2005-03-03,SONDOC,4.1,11.3
2005-03-04,SONDOC,4.3,11.5
2005-03-05,SONDOC,4.4,11.9
2005-03-06,SONDOC,4.1,12.6
2005-03-07,SONDOC,4.3,12.4
2005-03-08,SONDOC,4.5,12.8
2005-03-09,SONDOC,5.2,13.5
2005-03-10,SONDOC,6.1,14.8
2005-03-11,SONDOC,7.5,16.2
2005-03-12,SONDOC,7.5,16.0
2005-03-13,SONDOC,8.2,15.5
2005-03-14,SONDOC,8.0,15.2
2005-03-15,SONDOC,7.8,15.0
2005-03-16,SONDOC,6.8,14.5
2005-03-17,SONDOC,6.4,13.6
2005-03-18,SONDOC,6.1,12.9
2005-03-19,SONDOC,7.5,16.3
2005-03-20,SONDOC,11.3,18.3
2005-03-21,SONDOC,11.0,18.0
2005-03-22,SONDOC,10.8,17.5
2005-03-23,SONDOC,10.2,17.0
2005-03-24,SONDOC,10.1,16.2
2005-03-25,SONDOC,10.0,16.3
2005-03-26,SONDOC,9.8,16.0
2005-03-27,SONDOC,9.6,16.3
2005-03-28,SONDOC,10.7,16.1
2005-03-29,SONDOC,9.6,15.0
2005-03-30,SONDOC,8.7,15.3
2005-03-31,SONDOC,9.0,15.5
2005-04-01,SONDOC,9.2,15.8
2005-04-02,SONDOC,10.7,16.3
2005-04-03,SONDOC,11.8,19.0
2005-04-04,SONDOC,12.9,18.7
2005-04-05,SONDOC,11.5,19.1
2005-04-06,SONDOC,10.8,19.0
2005-04-07,SONDOC,11.0,18.8
2005-04-08,SONDOC,10.2,18.2
2005-04-09,SONDOC,9.6,17.2
2005-04-10,SONDOC,8.3,17.2
2005-04-11,SONDOC,8.1,17.3
2005-04-12,SONDOC,8.0,17.0
2005-04-13,SONDOC,7.5,16.5
2005-04-14,SONDOC,9.2,16.8
2005-04-15,SONDOC,10.0,17.2
2005-04-16,SONDOC,10.7,18.3
2005-04-17,SONDOC,10.7,16.1
2005-04-18,SONDOC,7.5,16.1
2005-04-19,SONDOC,7.4,16.0
2005-04-20,SONDOC,7.0,15.7
2005-04-21,SONDOC,6.9,15.2
2005-04-22,SONDOC,7.1,14.8
2005-04-23,SONDOC,6.8,14.6
2005-04-24,SONDOC,6.9,14.3
2005-04-25,SONDOC,6.6,14.4
2005-04-26,SONDOC,6.7,14.5
2005-04-27,SONDOC,6.4,12.9
2005-04-28,SONDOC,5.6,10.5
2005-04-29,SONDOC,6.2,13.2
2005-04-30,SONDOC,7.5,15.0
2005-05-01,SONDOC,7.5,15.6
2005-05-02,SONDOC,8.5,15.2
2005-05-03,SONDOC,8.4,15.0
2005-05-04,SONDOC,8.0,14.0
2005-05-05,SONDOC,7.6,13.6
2005-05-06,SONDOC,6.2,13.1
2005-05-07,SONDOC,6.0,12.8
2005-05-08,SONDOC,5.7,12.0
2005-05-09,SONDOC,5.4,11.8
2005-05-10,SONDOC,3.0,10.0
2005-05-11,SONDOC,4.7,10.2
2005-05-12,SONDOC,4.8,10.0
2005-05-13,SONDOC,4.5,9.2
2005-05-14,SONDOC,3.9,8.4
2005-05-15,SONDOC,3.5,7.3
2005-05-16,SONDOC,3.0,6.6
2005-05-17,SONDOC,1.5,6.4
2005-05-18,SONDOC,2.3,7.3
2005-05-19,SONDOC,2.4,7.5
2005-05-20,SONDOC,2.6,7.0
2005-05-21,SONDOC,3.0,7.6
2005-05-22,SONDOC,3.6,7.8
2005-05-23,SONDOC,4.2,8.1
2005-05-24,SONDOC,1.4,5.0
2005-05-25,SONDOC,5.3,10.6
2005-05-26,SONDOC,6.5,11.0
2005-05-27,SONDOC,3.2,11.3
2005-05-28,SONDOC,3.6,11.0
2005-05-29,SONDOC,3.3,10.5
2005-05-30,SONDOC,3.0,10.2
2005-05-31,SONDOC,3.9,10.0
2005-06-01,SONDOC,3.5,9.5
2005-06-02,SONDOC,3.3,9.0
2005-06-03,SONDOC,3.4,8.7
2005-06-04,SONDOC,3.5,8.5
2005-06-05,SONDOC,3.6,8.0
2005-06-06,SONDOC,3.7,8.1
2005-06-07,SONDOC,3.3,7.5
2005-06-08,SONDOC,3.4,6.5
2005-06-09,SONDOC,3.5,6.0
2005-06-10,SONDOC,3.2,6.3
2005-06-11,SONDOC,3.3,6.0
2005-06-12,SONDOC,3.5,6.2
2005-06-13,SONDOC,3.2,6.0
2005-06-14,SONDOC,3.1,6.1
2005-06-15,SONDOC,3.0,5.8
2005-06-16,SONDOC,3.3,5.5
2005-06-17,SONDOC,3.5,5.6
2005-06-18,SONDOC,3.4,5.8
2005-06-19,SONDOC,3.1,6.0
2005-06-20,SONDOC,3.4,6.1
2005-06-21,SONDOC,3.5,5.8
2005-06-22,SONDOC,3.3,5.5
2005-06-23,SONDOC,3.0,5.2
2005-06-24,SONDOC,3.1,5.6
2005-06-25,SONDOC,3.3,5.4
2005-06-26,SONDOC,3.6,5.5
2005-06-27,SONDOC,3.7,5.0
2005-06-28,SONDOC,3.5,5.2
2005-06-29,SONDOC,3.6,5.0
2005-06-30,SONDOC,3.8,5.1
2005-07-01,SONDOC,3.5,9.5
2005-07-02,SONDOC,3.3,9.0
2005-07-03,SONDOC,3.4,8.7
2005-07-04,SONDOC,3.5,8.5
2005-07-05,SONDOC,3.6,8.0
2005-07-06,SONDOC,3.7,8.1
2005-07-07,SONDOC,3.3,7.5
2005-07-08,SONDOC,3.4,6.5
2005-07-09,SONDOC,3.5,6.0
2005-07-10,SONDOC,3.2,6.3
2005-07-11,SONDOC,3.3,6.0
2005-07-12,SONDOC,3.5,6.2
2005-07-13,SONDOC,3.2,6.0
2005-07-14,SONDOC,3.1,6.1
2005-07-15,SONDOC,3.0,5.8
2005-07-16,SONDOC,3.3,5.5
2005-07-17,SONDOC,3.5,5.6
2005-07-18,SONDOC,3.4,5.8
2005-07-19,SONDOC,3.1,6.0
2005-07-20,SONDOC,3.4,6.1
2005-07-21,SONDOC,3.5,5.8
2005-07-22,SONDOC,3.3,5.5
2005-07-23,SONDOC,3.0,5.2
2005-07-24,SONDOC,3.1,5.6
2005-07-25,SONDOC,3.3,5.4
2005-07-26,SONDOC,3.6,5.5
2005-07-27,SONDOC,3.7,5.0
2005-07-28,SONDOC,3.5,5.2
2005-07-29,SONDOC,3.6,5.0
2005-07-30,SONDOC,3.8,5.1
2005-07-31,SONDOC,5.65,10.35
2005-08-01,SONDOC,7.5,15.6
2005-08-02,SONDOC,8.5,15.2
2005-08-03,SONDOC,8.4,15.0
2005-08-04,SONDOC,8.0,14.0
2005-08-05,SONDOC,7.6,13.6
2005-08-06,SONDOC,6.2,13.1
2005-08-07,SONDOC,6.0,12.8
2005-08-08,SONDOC,5.7,12.0
2005-08-09,SONDOC,5.4,11.8
2005-08-10,SONDOC,3.0,10.0
2005-08-11,SONDOC,4.7,10.2
2005-08-12,SONDOC,4.8,10.0
2005-08-13,SONDOC,4.5,9.2
2005-08-14,SONDOC,3.9,8.4
2005-08-15,SONDOC,3.5,7.3
2005-08-16,SONDOC,3.0,6.6
2005-08-17,SONDOC,1.5,6.4
2005-08-18,SONDOC,2.3,7.3
2005-08-19,SONDOC,2.4,7.5
2005-08-20,SONDOC,2.6,7.0
2005-08-21,SONDOC,3.0,7.6
2005-08-22,SONDOC,3.6,7.8
2005-08-23,SONDOC,4.2,8.1
2005-08-24,SONDOC,1.4,5.0
2005-08-25,SONDOC,5.3,10.6
2005-08-26,SONDOC,6.5,11.0
2005-08-27,SONDOC,3.2,11.3
2005-08-28,SONDOC,3.6,11.0
2005-08-29,SONDOC,3.3,10.5
2005-08-30,SONDOC,3.0,10.2
2005-08-31,SONDOC,3.9,10.0
2005-09-01,SONDOC,9.2,15.8
2005-09-02,SONDOC,10.7,16.3
2005-09-03,SONDOC,11.8,19.0
2005-09-04,SONDOC,12.9,18.7
2005-09-05,SONDOC,11.5,19.1
2005-09-06,SONDOC,10.8,19.0
2005-09-07,SONDOC,11.0,18.8
2005-09-08,SONDOC,10.2,18.2
2005-09-09,SONDOC,9.6,17.2
2005-09-10,SONDOC,8.3,17.2
2005-09-11,SONDOC,8.1,17.3
2005-09-12,SONDOC,8.0,17.0
2005-09-13,SONDOC,7.5,16.5
2005-09-14,SONDOC,9.2,16.8
2005-09-15,SONDOC,10.0,17.2
2005-09-16,SONDOC,10.7,18.3
2005-09-17,SONDOC,10.7,16.1
2005-09-18,SONDOC,7.5,16.1
2005-09-19,SONDOC,7.4,16.0
2005-09-20,SONDOC,7.0,15.7
2005-09-21,SONDOC,6.9,15.2
2005-09-22,SONDOC,7.1,14.8
2005-09-23,SONDOC,6.8,14.6
2005-09-24,SONDOC,6.9,14.3
2005-09-25,SONDOC,6.6,14.4
2005-09-26,SONDOC,6.7,14.5
2005-09-27,SONDOC,6.4,12.9
2005-09-28,SONDOC,5.6,10.5
2005-09-29,SONDOC,6.2,13.2
2005-09-30,SONDOC,7.5,15.0
2005-10-01,SONDOC,3.6,10.3
2005-10-02,SONDOC,3.8,11.0
2005-10-03,SONDOC,4.1,11.3
2005-10-04,SONDOC,4.3,11.5
2005-10-05,SONDOC,4.4,11.9
2005-10-06,SONDOC,4.1,12.6
2005-10-07,SONDOC,4.3,12.4
2005-10-08,SONDOC,4.5,12.8
2005-10-09,SONDOC,5.2,13.5
2005-10-10,SONDOC,6.1,14.8
2005-10-11,SONDOC,7.5,16.2
2005-10-12,SONDOC,7.5,16.0
2005-10-13,SONDOC,8.2,15.5
2005-10-14,SONDOC,8.0,15.2
2005-10-15,SONDOC,7.8,15.0
2005-10-16,SONDOC,6.8,14.5
2005-10-17,SONDOC,6.4,13.6
2005-10-18,SONDOC,6.1,12.9
2005-10-19,SONDOC,7.5,16.3
2005-10-20,SONDOC,11.3,18.3
2005-10-21,SONDOC,11.0,18.0
2005-10-22,SONDOC,10.8,17.5
2005-10-23,SONDOC,10.2,17.0
2005-10-24,SONDOC,10.1,16.2
2005-10-25,SONDOC,10.0,16.3
2005-10-26,SONDOC,9.8,16.0
2005-10-27,SONDOC,9.6,16.3
2005-10-28,SONDOC,10.7,16.1
2005-10-29,SONDOC,9.6,15.0
2005-10-30,SONDOC,8.7,15.3
2005-10-31,SONDOC,9.0,15.5
2005-11-01,SONDOC,0.1,1.2
2005-11-02,SONDOC,0.1,1.0
2005-11-03,SONDOC,0.1,1.9
2005-11-04,SONDOC,0.2,2.1
2005-11-05,SONDOC,0.3,2.5
2005-11-06,SONDOC,0.3,2.6
2005-11-07,SONDOC,0.5,2.8
2005-11-08,SONDOC,0.3,3.5
2005-11-09,SONDOC,0.3,5.6
2005-11-10,SONDOC,0.2,7.3
2005-11-11,SONDOC,0.5,10.0
2005-11-12,SONDOC,0.9,8.7
2005-11-13,SONDOC,0.7,8.2
2005-11-14,SONDOC,0.9,8.0
2005-11-15,SONDOC,0.6,5.6
2005-11-16,SONDOC,0.5,3.8
2005-11-17,SONDOC,0.1,2.6
2005-11-18,SONDOC,0.1,3.3
2005-11-19,SONDOC,0.1,8.6
2005-11-20,SONDOC,0.9,8.9
2005-11-21,SONDOC,0.8,9.5
2005-11-22,SONDOC,2.1,9.8
2005-11-23,SONDOC,3.7,10.5
2005-11-24,SONDOC,2.9,10.6
2005-11-25,SONDOC,3.2,9.4
2005-11-26,SONDOC,3.0,9.2
2005-11-27,SONDOC,2.5,9.8
2005-11-28,SONDOC,3.0,9.9
2005-11-29,SONDOC,2.033333333333333,6.733333333333333
2005-11-30,SONDOC,1.0666666666666667,3.5666666666666664
2005-12-01,SONDOC,0.1,0.4
2005-12-02,SONDOC,0.1,0.4
2005-12-03,SONDOC,0.2,0.4
2005-12-04,SONDOC,0.1,0.5
2005-12-05,SONDOC,0.3,0.7
2005-12-06,SONDOC,0.3,1.0
2005-12-07,SONDOC,0.4,1.1
2005-12-08,SONDOC,0.3,1.0
2005-12-09,SONDOC,0.3,1.2
2005-12-10,SONDOC,0.4,1.4
2005-12-11,SONDOC,0.2,0.6
2005-12-12,SONDOC,0.2,0.7
2005-12-13,SONDOC,0.3,0.9
2005-12-14,SONDOC,0.4,1.1
2005-12-15,SONDOC,0.4,1.2
2005-12-16,SONDOC,0.3,1.4
2005-12-17,SONDOC,0.3,2.0
2005-12-18,SONDOC,0.2,2.1
2005-12-19,SONDOC,0.4,2.5
2005-12-20,SONDOC,0.5,2.7
2005-12-21,SONDOC,0.6,5.2
2005-12-22,SONDOC,0.7,6.9
2005-12-23,SONDOC,1.2,5.0
2005-12-24,SONDOC,0.9,4.5
2005-12-25,SONDOC,0.8,2.5
2005-12-26,SONDOC,0.7,2.8
2005-12-27,SONDOC,0.5,2.0
2005-12-28,SONDOC,0.3,1.6
2005-12-29,SONDOC,0.4,1.9
2005-12-30,SONDOC,0.3,1.5
2005-12-31,SONDOC,0.2,1.0
2006-01-01,SONDOC,0.1,0.3
2006-01-02,SONDOC,0.1,0.4
2006-01-03,SONDOC,0.1,0.5
2006-01-04,SONDOC,0.2,0.6
2006-01-05,SONDOC,0.2,0.6
2006-01-06,SONDOC,0.3,0.8
2006-01-07,SONDOC,0.3,0.9
2006-01-08,SONDOC,0.3,1.1
2006-01-09,SONDOC,0.2,1.0
2006-01-10,SONDOC,0.2,1.2
2006-01-11,SONDOC,0.2,0.5
2006-01-12,SONDOC,0.2,0.6
2006-01-13,SONDOC,0.3,0.8
2006-01-14,SONDOC,0.3,1.2
2006-01-15,SONDOC,0.3,1.0
2006-01-16,SONDOC,0.3,1.3
2006-01-17,SONDOC,0.4,1.5
2006-01-18,SONDOC,0.3,2.0
2006-01-19,SONDOC,0.3,2.2
2006-01-20,SONDOC,0.4,2.4
2006-01-21,SONDOC,0.5,4.4
2006-01-22,SONDOC,0.6,5.5
2006-01-23,SONDOC,0.4,4.0
2006-01-24,SONDOC,0.3,4.0
2006-01-25,SONDOC,0.3,2.6
2006-01-26,SONDOC,0.3,2.9
2006-01-27,SONDOC,0.2,2.2
2006-01-28,SONDOC,0.3,1.8
2006-01-29,SONDOC,0.2,1.7
2006-01-30,SONDOC,0.3,1.8
2006-01-31,SONDOC,0.2,1.2
2006-02-01,SONDOC,0.9,5.2
2006-02-02,SONDOC,1.0,6.1
2006-02-03,SONDOC,1.0,4.4
2006-02-04,SONDOC,0.5,4.2
2006-02-05,SONDOC,0.3,4.0
2006-02-06,SONDOC,0.4,4.3
2006-02-07,SONDOC,0.2,4.1
2006-02-08,SONDOC,0.2,5.8
2006-02-09,SONDOC,0.4,7.1
2006-02-10,SONDOC,0.6,7.0
2006-02-11,SONDOC,1.0,7.2
2006-02-12,SONDOC,2.0,7.5
2006-02-13,SONDOC,2.5,9.4
2006-02-14,SONDOC,2.1,6.5
2006-02-15,SONDOC,2.0,6.3
2006-02-16,SONDOC,1.5,6.0
2006-02-17,SONDOC,1.0,5.9
2006-02-18,SONDOC,1.6,6.0
2006-02-19,SONDOC,1.8,5.8
2006-02-20,SONDOC,1.7,5.7
2006-02-21,SONDOC,1.9,7.4
2006-02-22,SONDOC,1.4,7.9
2006-02-23,SONDOC,1.8,8.0
2006-02-24,SONDOC,1.9,8.1
2006-02-25,SONDOC,2.0,8.3
2006-02-26,SONDOC,1.7,9.0
2006-02-27,SONDOC,1.9,9.5
2006-02-28,SONDOC,2.0,11.0
2006-03-01,SONDOC,0.5,11.0
2006-03-02,SONDOC,3.0,13.7
2006-03-03,SONDOC,2.5,12.5
2006-03-04,SONDOC,2.0,11.2
2006-03-05,SONDOC,1.9,11.0
2006-03-06,SONDOC,1.1,8.2
2006-03-07,SONDOC,1.5,7.5
2006-03-08,SONDOC,2.0,7.1
2006-03-09,SONDOC,1.8,8.4
2006-03-10,SONDOC,2.1,7.2
2006-03-11,SONDOC,2.0,7.4
2006-03-12,SONDOC,1.8,7.3
2006-03-13,SONDOC,2.0,7.5
2006-03-14,SONDOC,2.5,7.2
2006-03-15,SONDOC,3.0,8.2
2006-03-16,SONDOC,2.2,7.2
2006-03-17,SONDOC,2.0,7.0
2006-03-18,SONDOC,1.8,6.9
2006-03-19,SONDOC,1.7,6.7
2006-03-20,SONDOC,1.9,6.5
2006-03-21,SONDOC,1.8,6.8
2006-03-22,SONDOC,1.6,6.0
2006-03-23,SONDOC,1.9,5.0
2006-03-24,SONDOC,1.7,7.4
2006-03-25,SONDOC,1.5,7.3
2006-03-26,SONDOC,1.4,7.0
2006-03-27,SONDOC,1.6,7.2
2006-03-28,SONDOC,1.7,7.5
2006-03-29,SONDOC,1.9,7.8
2006-03-30,SONDOC,2.2,8.2
2006-03-31,SONDOC,3.6,8.9
2006-04-01,SONDOC,3.12,8.8
2006-04-02,SONDOC,3.0,8.5
2006-04-03,SONDOC,2.8,8.2
2006-04-04,SONDOC,2.7,7.0
2006-04-05,SONDOC,2.5,5.3
2006-04-06,SONDOC,2.0,7.0
2006-04-07,SONDOC,1.9,8.1
2006-04-08,SONDOC,2.2,8.0
2006-04-09,SONDOC,2.0,7.9
2006-04-10,SONDOC,2.1,7.7
2006-04-11,SONDOC,1.9,7.5
2006-04-12,SONDOC,2.0,7.8
2006-04-13,SONDOC,2.1,8.0
2006-04-14,SONDOC,2.0,7.8
2006-04-15,SONDOC,1.9,7.9
2006-04-16,SONDOC,2.2,8.5
2006-04-17,SONDOC,2.5,10.6
2006-04-18,SONDOC,2.8,11.0
2006-04-19,SONDOC,2.7,10.4
2006-04-20,SONDOC,4.0,10.3
2006-04-21,SONDOC,4.2,10.1
2006-04-22,SONDOC,4.0,8.1
2006-04-23,SONDOC,3.5,8.2
2006-04-24,SONDOC,3.6,8.5
2006-04-25,SONDOC,3.8,8.8
2006-04-26,SONDOC,4.0,9.0
2006-04-27,SONDOC,4.1,9.2
2006-04-28,SONDOC,4.3,9.4
2006-04-29,SONDOC,4.1,9.6
2006-04-30,SONDOC,4.0,9.5
2006-05-01,SONDOC,3.9,9.0
2006-05-02,SONDOC,3.3,8.8
2006-05-03,SONDOC,3.0,8.4
2006-05-04,SONDOC,3.1,8.5
2006-05-05,SONDOC,3.0,8.0
2006-05-06,SONDOC,2.9,7.8
2006-05-07,SONDOC,3.1,8.1
2006-05-08,SONDOC,3.3,8.4
2006-05-09,SONDOC,4.1,9.4
2006-05-10,SONDOC,4.7,10.4
2006-05-11,SONDOC,4.3,10.0
2006-05-12,SONDOC,4.0,9.2
2006-05-13,SONDOC,3.9,9.0
2006-05-14,SONDOC,3.6,8.7
2006-05-15,SONDOC,3.5,8.2
2006-05-16,SONDOC,2.9,9.6
2006-05-17,SONDOC,4.1,9.7
2006-05-18,SONDOC,4.0,9.2
2006-05-19,SONDOC,3.5,9.0
2006-05-20,SONDOC,3.3,8.8
2006-05-21,SONDOC,3.5,8.9
2006-05-22,SONDOC,3.6,8.4
2006-05-23,SONDOC,3.6,8.8
2006-05-24,SONDOC,4.1,9.5
2006-05-25,SONDOC,3.8,9.0
2006-05-26,SONDOC,2.9,7.7
2006-05-27,SONDOC,2.6,7.2
2006-05-28,SONDOC,2.5,6.4
2006-05-29,SONDOC,2.0,6.0
2006-05-30,SONDOC,2.1,6.3
2006-05-31,SONDOC,0.01,0.01
2006-06-01,SONDOC,2.0,6.2
2006-06-02,SONDOC,1.8,6.0
2006-06-03,SONDOC,2.0,5.8
2006-06-04,SONDOC,2.1,5.5
2006-06-05,SONDOC,1.7,5.3
2006-06-06,SONDOC,1.6,5.0
2006-06-07,SONDOC,1.5,5.2
2006-06-08,SONDOC,1.7,5.4
2006-06-09,SONDOC,1.6,5.3
2006-06-10,SONDOC,1.5,5.1
2006-06-11,SONDOC,1.4,4.9
2006-06-12,SONDOC,1.5,4.7
2006-06-13,SONDOC,1.3,5.0
2006-06-14,SONDOC,1.5,4.6
2006-06-15,SONDOC,1.6,4.8
2006-06-16,SONDOC,1.7,5.0
2006-06-17,SONDOC,1.5,5.1
2006-06-18,SONDOC,1.4,5.3
2006-06-19,SONDOC,1.3,4.8
2006-06-20,SONDOC,1.4,4.7
2006-06-21,SONDOC,1.5,4.5
2006-06-22,SONDOC,1.6,4.6
2006-06-23,SONDOC,1.5,4.2
2006-06-24,SONDOC,1.4,4.0
2006-06-25,SONDOC,1.3,3.9
2006-06-26,SONDOC,1.3,3.5
2006-06-27,SONDOC,1.4,3.7
2006-06-28,SONDOC,1.5,3.6
2006-06-29,SONDOC,1.3,3.5
2006-06-30,SONDOC,1.4,3.4
2006-07-01,SONDOC,2.0,6.2
2006-07-02,SONDOC,1.8,6.0
2006-07-03,SONDOC,2.0,5.8
2006-07-04,SONDOC,2.1,5.5
2006-07-05,SONDOC,1.7,5.3
2006-07-06,SONDOC,1.6,5.0
2006-07-07,SONDOC,1.5,5.2
2006-07-08,SONDOC,1.7,5.4
2006-07-09,SONDOC,1.6,5.3
2006-07-10,SONDOC,1.5,5.1
2006-07-11,SONDOC,1.4,4.9
2006-07-12,SONDOC,1.5,4.7
2006-07-13,SONDOC,1.3,5.0
2006-07-14,SONDOC,1.5,4.6
2006-07-15,SONDOC,1.6,4.8
2006-07-16,SONDOC,1.7,5.0
2006-07-17,SONDOC,1.5,5.1
2006-07-18,SONDOC,1.4,5.3
2006-07-19,SONDOC,1.3,4.8
2006-07-20,SONDOC,1.4,4.7
2006-07-21,SONDOC,1.5,4.5
2006-07-22,SONDOC,1.6,4.6
2006-07-23,SONDOC,1.5,4.2
2006-07-24,SONDOC,1.4,4.0
2006-07-25,SONDOC,1.3,3.9
2006-07-26,SONDOC,1.3,3.5
2006-07-27,SONDOC,1.4,3.7
2006-07-28,SONDOC,1.5,3.6
2006-07-29,SONDOC,1.3,3.5
2006-07-30,SONDOC,1.4,3.4
2006-07-31,SONDOC,2.65,6.199999999999999
2006-08-01,SONDOC,3.9,9.0
2006-08-02,SONDOC,3.3,8.8
2006-08-03,SONDOC,3.0,8.4
2006-08-04,SONDOC,3.1,8.5
2006-08-05,SONDOC,3.0,8.0
2006-08-06,SONDOC,2.9,7.8
2006-08-07,SONDOC,3.1,8.1
2006-08-08,SONDOC,3.3,8.4
2006-08-09,SONDOC,4.1,9.4
2006-08-10,SONDOC,4.7,10.4
2006-08-11,SONDOC,4.3,10.0
2006-08-12,SONDOC,4.0,9.2
2006-08-13,SONDOC,3.9,9.0
2006-08-14,SONDOC,3.6,8.7
2006-08-15,SONDOC,3.5,8.2
2006-08-16,SONDOC,2.9,9.6
2006-08-17,SONDOC,4.1,9.7
2006-08-18,SONDOC,4.0,9.2
2006-08-19,SONDOC,3.5,9.0
2006-08-20,SONDOC,3.3,8.8
2006-08-21,SONDOC,3.5,8.9
2006-08-22,SONDOC,3.6,8.4
2006-08-23,SONDOC,3.6,8.8
2006-08-24,SONDOC,4.1,9.5
2006-08-25,SONDOC,3.8,9.0
2006-08-26,SONDOC,2.9,7.7
2006-08-27,SONDOC,2.6,7.2
2006-08-28,SONDOC,2.5,6.4
2006-08-29,SONDOC,2.0,6.0
2006-08-30,SONDOC,2.1,6.3
2006-08-31,SONDOC,0.01,0.01
2006-09-01,SONDOC,3.12,8.8
2006-09-02,SONDOC,3.0,8.5
2006-09-03,SONDOC,2.8,8.2
2006-09-04,SONDOC,2.7,7.0
2006-09-05,SONDOC,2.5,5.3
2006-09-06,SONDOC,2.0,7.0
2006-09-07,SONDOC,1.9,8.1
2006-09-08,SONDOC,2.2,8.0
2006-09-09,SONDOC,2.0,7.9
2006-09-10,SONDOC,2.1,7.7
2006-09-11,SONDOC,1.9,7.5
2006-09-12,SONDOC,2.0,7.8
2006-09-13,SONDOC,2.1,8.0
2006-09-14,SONDOC,2.0,7.8
2006-09-15,SONDOC,1.9,7.9
2006-09-16,SONDOC,2.2,8.5
2006-09-17,SONDOC,2.5,10.6
2006-09-18,SONDOC,2.8,11.0
2006-09-19,SONDOC,2.7,10.4
2006-09-20,SONDOC,4.0,10.3
2006-09-21,SONDOC,4.2,10.1
2006-09-22,SONDOC,4.0,8.1
2006-09-23,SONDOC,3.5,8.2
2006-09-24,SONDOC,3.6,8.5
2006-09-25,SONDOC,3.8,8.8
2006-09-26,SONDOC,4.0,9.0
2006-09-27,SONDOC,4.1,9.2
2006-09-28,SONDOC,4.3,9.4
2006-09-29,SONDOC,4.1,9.6
2006-09-30,SONDOC,4.0,9.5
2006-10-01,SONDOC,0.5,11.0
2006-10-02,SONDOC,3.0,13.7
2006-10-03,SONDOC,2.5,12.5
2006-10-04,SONDOC,2.0,11.2
2006-10-05,SONDOC,1.9,11.0
2006-10-06,SONDOC,1.1,8.2
2006-10-07,SONDOC,1.5,7.5
2006-10-08,SONDOC,2.0,7.1
2006-10-09,SONDOC,1.8,8.4
2006-10-10,SONDOC,2.1,7.2
2006-10-11,SONDOC,2.0,7.4
2006-10-12,SONDOC,1.8,7.3
2006-10-13,SONDOC,2.0,7.5
2006-10-14,SONDOC,2.5,7.2
2006-10-15,SONDOC,3.0,8.2
2006-10-16,SONDOC,2.2,7.2
2006-10-17,SONDOC,2.0,7.0
2006-10-18,SONDOC,1.8,6.9
2006-10-19,SONDOC,1.7,6.7
2006-10-20,SONDOC,1.9,6.5
2006-10-21,SONDOC,1.8,6.8
2006-10-22,SONDOC,1.6,6.0
2006-10-23,SONDOC,1.9,5.0
2006-10-24,SONDOC,1.7,7.4
2006-10-25,SONDOC,1.5,7.3
2006-10-26,SONDOC,1.4,7.0
2006-10-27,SONDOC,1.6,7.2
2006-10-28,SONDOC,1.7,7.5
2006-10-29,SONDOC,1.9,7.8
2006-10-30,SONDOC,2.2,8.2
2006-10-31,SONDOC,3.6,8.9
2006-11-01,SONDOC,0.9,5.2
2006-11-02,SONDOC,1.0,6.1
2006-11-03,SONDOC,1.0,4.4
2006-11-04,SONDOC,0.5,4.2
2006-11-05,SONDOC,0.3,4.0
2006-11-06,SONDOC,0.4,4.3
2006-11-07,SONDOC,0.2,4.1
2006-11-08,SONDOC,0.2,5.8
2006-11-09,SONDOC,0.4,7.1
2006-11-10,SONDOC,0.6,7.0
2006-11-11,SONDOC,1.0,7.2
2006-11-12,SONDOC,2.0,7.5
2006-11-13,SONDOC,2.5,9.4
2006-11-14,SONDOC,2.1,6.5
2006-11-15,SONDOC,2.0,6.3
2006-11-16,SONDOC,1.5,6.0
2006-11-17,SONDOC,1.0,5.9
2006-11-18,SONDOC,1.6,6.0
2006-11-19,SONDOC,1.8,5.8
2006-11-20,SONDOC,1.7,5.7
2006-11-21,SONDOC,1.9,7.4
2006-11-22,SONDOC,1.4,7.9
2006-11-23,SONDOC,1.8,8.0
2006-11-24,SONDOC,1.9,8.1
2006-11-25,SONDOC,2.0,8.3
2006-11-26,SONDOC,1.7,9.0
2006-11-27,SONDOC,1.9,9.5
2006-11-28,SONDOC,2.0,11.0
2006-11-29,SONDOC,1.3666666666666667,7.433333333333334
2006-11-30,SONDOC,0.7333333333333334,3.866666666666667
2006-12-01,SONDOC,0.1,0.3
2006-12-02,SONDOC,0.1,0.4
2006-12-03,SONDOC,0.1,0.5
2006-12-04,SONDOC,0.2,0.6
2006-12-05,SONDOC,0.2,0.6
2006-12-06,SONDOC,0.3,0.8
2006-12-07,SONDOC,0.3,0.9
2006-12-08,SONDOC,0.3,1.1
2006-12-09,SONDOC,0.2,1.0
2006-12-10,SONDOC,0.2,1.2
2006-12-11,SONDOC,0.2,0.5
2006-12-12,SONDOC,0.2,0.6
2006-12-13,SONDOC,0.3,0.8
2006-12-14,SONDOC,0.3,1.2
2006-12-15,SONDOC,0.3,1.0
2006-12-16,SONDOC,0.3,1.3
2006-12-17,SONDOC,0.4,1.5
2006-12-18,SONDOC,0.3,2.0
2006-12-19,SONDOC,0.3,2.2
2006-12-20,SONDOC,0.4,2.4
2006-12-21,SONDOC,0.5,4.4
2006-12-22,SONDOC,0.6,5.5
2006-12-23,SONDOC,0.4,4.0
2006-12-24,SONDOC,0.3,4.0
2006-12-25,SONDOC,0.3,2.6
2006-12-26,SONDOC,0.3,2.9
2006-12-27,SONDOC,0.2,2.2
2006-12-28,SONDOC,0.3,1.8
2006-12-29,SONDOC,0.2,1.7
2006-12-30,SONDOC,0.3,1.8
2006-12-31,SONDOC,0.2,1.2
2007-01-01,SONDOC,0.1,0.4
2007-01-02,SONDOC,0.1,0.3
2007-01-03,SONDOC,0.2,0.4
2007-01-04,SONDOC,0.3,0.6
2007-01-05,SONDOC,0.2,0.5
2007-01-06,SONDOC,0.3,0.7
2007-01-07,SONDOC,0.3,0.8
2007-01-08,SONDOC,0.2,1.0
2007-01-09,SONDOC,0.4,1.2
2007-01-10,SONDOC,0.3,0.6
2007-01-11,SONDOC,0.2,0.7
2007-01-12,SONDOC,0.3,0.6
2007-01-13,SONDOC,0.2,1.1
2007-01-14,SONDOC,0.3,1.2
2007-01-15,SONDOC,0.3,1.0
2007-01-16,SONDOC,0.2,1.4
2007-01-17,SONDOC,0.3,1.4
2007-01-18,SONDOC,0.3,1.9
2007-01-19,SONDOC,0.4,2.1
2007-01-20,SONDOC,0.3,2.3
2007-01-21,SONDOC,0.4,4.1
2007-01-22,SONDOC,0.5,5.1
2007-01-23,SONDOC,0.4,3.9
2007-01-24,SONDOC,0.3,2.7
2007-01-25,SONDOC,0.3,2.6
2007-01-26,SONDOC,0.2,2.8
2007-01-27,SONDOC,0.3,2.3
2007-01-28,SONDOC,0.2,1.9
2007-01-29,SONDOC,0.3,1.7
2007-01-30,SONDOC,0.3,1.8
2007-01-31,SONDOC,0.4,1.9
2007-02-01,SONDOC,0.1,4.0
2007-02-02,SONDOC,0.1,3.8
2007-02-03,SONDOC,0.1,3.0
2007-02-04,SONDOC,0.1,4.0
2007-02-05,SONDOC,0.2,4.1
2007-02-06,SONDOC,0.1,4.2
2007-02-07,SONDOC,0.1,4.0
2007-02-08,SONDOC,0.2,3.8
2007-02-09,SONDOC,0.2,3.7
2007-02-10,SONDOC,0.3,3.5
2007-02-11,SONDOC,1.2,2.9
2007-02-12,SONDOC,1.1,4.0
2007-02-13,SONDOC,1.0,4.5
2007-02-14,SONDOC,1.2,5.1
2007-02-15,SONDOC,1.3,5.3
2007-02-16,SONDOC,1.1,5.5
2007-02-17,SONDOC,1.0,5.7
2007-02-18,SONDOC,0.8,5.9
2007-02-19,SONDOC,0.1,6.9
2007-02-20,SONDOC,0.1,4.0
2007-02-21,SONDOC,0.1,3.5
2007-02-22,SONDOC,0.2,3.6
2007-02-23,SONDOC,0.3,3.0
2007-02-24,SONDOC,0.4,3.2
2007-02-25,SONDOC,0.5,3.2
2007-02-26,SONDOC,0.4,4.2
2007-02-27,SONDOC,0.4,6.5
2007-02-28,SONDOC,0.3,6.0
2007-03-01,SONDOC,1.5,6.9
2007-03-02,SONDOC,1.9,5.8
2007-03-03,SONDOC,1.9,6.1
2007-03-04,SONDOC,1.8,6.5
2007-03-05,SONDOC,1.7,6.6
2007-03-06,SONDOC,1.6,6.8
2007-03-07,SONDOC,1.8,7.0
2007-03-08,SONDOC,1.9,7.2
2007-03-09,SONDOC,2.1,7.6
2007-03-10,SONDOC,2.3,7.1
2007-03-11,SONDOC,2.1,7.6
2007-03-12,SONDOC,2.0,7.3
2007-03-13,SONDOC,3.1,7.5
2007-03-14,SONDOC,1.8,8.2
2007-03-15,SONDOC,2.7,9.7
2007-03-16,SONDOC,2.3,9.0
2007-03-17,SONDOC,2.2,9.6
2007-03-18,SONDOC,2.5,9.3
2007-03-19,SONDOC,2.4,12.2
2007-03-20,SONDOC,4.3,10.4
2007-03-21,SONDOC,4.6,12.0
2007-03-22,SONDOC,4.2,11.8
2007-03-23,SONDOC,4.3,11.7
2007-03-24,SONDOC,4.0,10.0
2007-03-25,SONDOC,4.2,9.0
2007-03-26,SONDOC,3.1,8.3
2007-03-27,SONDOC,2.0,9.2
2007-03-28,SONDOC,2.1,8.5
2007-03-29,SONDOC,2.2,9.1
2007-03-30,SONDOC,2.3,9.5
2007-03-31,SONDOC,2.1,9.9
2007-04-01,SONDOC,5.0,9.4
2007-04-02,SONDOC,5.0,9.0
2007-04-03,SONDOC,5.1,9.0
2007-04-04,SONDOC,5.2,9.1
2007-04-05,SONDOC,5.5,8.5
2007-04-06,SONDOC,5.1,8.7
2007-04-07,SONDOC,5.0,9.2
2007-04-08,SONDOC,5.6,9.3
2007-04-09,SONDOC,5.7,10.1
2007-04-10,SONDOC,6.0,12.0
2007-04-11,SONDOC,6.0,14.0
2007-04-12,SONDOC,7.0,14.5
2007-04-13,SONDOC,6.5,14.0
2007-04-14,SONDOC,6.2,13.5
2007-04-15,SONDOC,6.1,13.8
2007-04-16,SONDOC,6.3,13.0
2007-04-17,SONDOC,6.4,11.2
2007-04-18,SONDOC,6.0,11.4
2007-04-19,SONDOC,6.3,13.0
2007-04-20,SONDOC,6.5,13.0
2007-04-21,SONDOC,7.0,14.3
2007-04-22,SONDOC,6.2,13.5
2007-04-23,SONDOC,6.1,13.7
2007-04-24,SONDOC,6.3,13.0
2007-04-25,SONDOC,6.1,13.6
2007-04-26,SONDOC,5.8,12.0
2007-04-27,SONDOC,5.9,12.2
2007-04-28,SONDOC,6.0,12.5
2007-04-29,SONDOC,7.0,12.2
2007-04-30,SONDOC,6.9,11.3
2007-05-01,SONDOC,6.3,11.0
2007-05-02,SONDOC,6.4,11.3
2007-05-03,SONDOC,6.5,11.0
2007-05-04,SONDOC,7.0,11.9
2007-05-05,SONDOC,7.0,11.0
2007-05-06,SONDOC,5.8,10.7
2007-05-07,SONDOC,5.5,10.9
2007-05-08,SONDOC,5.6,10.0
2007-05-09,SONDOC,5.0,9.5
2007-05-10,SONDOC,5.1,9.8
2007-05-11,SONDOC,4.5,9.9
2007-05-12,SONDOC,4.9,10.8
2007-05-13,SONDOC,4.7,9.8
2007-05-14,SONDOC,4.3,6.5
2007-05-15,SONDOC,4.1,5.6
2007-05-16,SONDOC,2.1,5.4
2007-05-17,SONDOC,1.8,4.8
2007-05-18,SONDOC,2.0,4.0
2007-05-19,SONDOC,1.8,3.3
2007-05-20,SONDOC,1.9,3.5
2007-05-21,SONDOC,2.0,3.2
2007-05-22,SONDOC,2.1,3.5
2007-05-23,SONDOC,1.9,3.9
2007-05-24,SONDOC,2.0,4.0
2007-05-25,SONDOC,1.8,4.5
2007-05-26,SONDOC,2.0,4.7
2007-05-27,SONDOC,3.0,4.8
2007-05-28,SONDOC,3.3,6.8
2007-05-29,SONDOC,3.2,6.5
2007-05-30,SONDOC,3.1,6.7
2007-05-31,SONDOC,3.0,6.0
2007-06-01,SONDOC,2.0,5.6
2007-06-02,SONDOC,1.9,5.4
2007-06-03,SONDOC,2.0,5.5
2007-06-04,SONDOC,1.9,4.9
2007-06-05,SONDOC,1.6,4.3
2007-06-06,SONDOC,1.7,4.1
2007-06-07,SONDOC,0.5,4.0
2007-06-08,SONDOC,0.4,3.5
2007-06-09,SONDOC,0.2,3.1
2007-06-10,SONDOC,1.2,4.8
2007-06-11,SONDOC,1.3,4.1
2007-06-12,SONDOC,1.0,4.0
2007-06-13,SONDOC,1.1,3.7
2007-06-14,SONDOC,1.0,3.8
2007-06-15,SONDOC,1.2,3.5
2007-06-16,SONDOC,1.2,3.9
2007-06-17,SONDOC,1.2,3.7
2007-06-18,SONDOC,1.3,3.6
2007-06-19,SONDOC,1.4,3.5
2007-06-20,SONDOC,1.5,3.6
2007-06-21,SONDOC,1.4,4.0
2007-06-22,SONDOC,1.6,4.1
2007-06-23,SONDOC,1.5,4.2
2007-06-24,SONDOC,1.7,4.5
2007-06-25,SONDOC,0.3,2.5
2007-06-26,SONDOC,0.5,2.0
2007-06-27,SONDOC,0.3,1.9
2007-06-28,SONDOC,0.3,2.1
2007-06-29,SONDOC,0.2,1.8
2007-06-30,SONDOC,0.1,1.7
2007-07-01,SONDOC,2.0,5.6
2007-07-02,SONDOC,1.9,5.4
2007-07-03,SONDOC,2.0,5.5
2007-07-04,SONDOC,1.9,4.9
2007-07-05,SONDOC,1.6,4.3
2007-07-06,SONDOC,1.7,4.1
2007-07-07,SONDOC,0.5,4.0
2007-07-08,SONDOC,0.4,3.5
2007-07-09,SONDOC,0.2,3.1
2007-07-10,SONDOC,1.2,4.8
2007-07-11,SONDOC,1.3,4.1
2007-07-12,SONDOC,1.0,4.0
2007-07-13,SONDOC,1.1,3.7
2007-07-14,SONDOC,1.0,3.8
2007-07-15,SONDOC,1.2,3.5
2007-07-16,SONDOC,1.2,3.9
2007-07-17,SONDOC,1.2,3.7
2007-07-18,SONDOC,1.3,3.6
2007-07-19,SONDOC,1.4,3.5
2007-07-20,SONDOC,1.5,3.6
2007-07-21,SONDOC,1.4,4.0
2007-07-22,SONDOC,1.6,4.1
2007-07-23,SONDOC,1.5,4.2
2007-07-24,SONDOC,1.7,4.5
2007-07-25,SONDOC,0.3,2.5
2007-07-26,SONDOC,0.5,2.0
2007-07-27,SONDOC,0.3,1.9
2007-07-28,SONDOC,0.3,2.1
2007-07-29,SONDOC,0.2,1.8
2007-07-30,SONDOC,0.1,1.7
2007-07-31,SONDOC,3.2,6.3500000000000005
2007-08-01,SONDOC,6.3,11.0
2007-08-02,SONDOC,6.4,11.3
2007-08-03,SONDOC,6.5,11.0
2007-08-04,SONDOC,7.0,11.9
2007-08-05,SONDOC,7.0,11.0
2007-08-06,SONDOC,5.8,10.7
2007-08-07,SONDOC,5.5,10.9
2007-08-08,SONDOC,5.6,10.0
2007-08-09,SONDOC,5.0,9.5
2007-08-10,SONDOC,5.1,9.8
2007-08-11,SONDOC,4.5,9.9
2007-08-12,SONDOC,4.9,10.8
2007-08-13,SONDOC,4.7,9.8
2007-08-14,SONDOC,4.3,6.5
2007-08-15,SONDOC,4.1,5.6
2007-08-16,SONDOC,2.1,5.4
2007-08-17,SONDOC,1.8,4.8
2007-08-18,SONDOC,2.0,4.0
2007-08-19,SONDOC,1.8,3.3
2007-08-20,SONDOC,1.9,3.5
2007-08-21,SONDOC,2.0,3.2
2007-08-22,SONDOC,2.1,3.5
2007-08-23,SONDOC,1.9,3.9
2007-08-24,SONDOC,2.0,4.0
2007-08-25,SONDOC,1.8,4.5
2007-08-26,SONDOC,2.0,4.7
2007-08-27,SONDOC,3.0,4.8
2007-08-28,SONDOC,3.3,6.8
2007-08-29,SONDOC,3.2,6.5
2007-08-30,SONDOC,3.1,6.7
2007-08-31,SONDOC,3.0,6.0
2007-09-01,SONDOC,5.0,9.4
2007-09-02,SONDOC,5.0,9.0
2007-09-03,SONDOC,5.1,9.0
2007-09-04,SONDOC,5.2,9.1
2007-09-05,SONDOC,5.5,8.5
2007-09-06,SONDOC,5.1,8.7
2007-09-07,SONDOC,5.0,9.2
2007-09-08,SONDOC,5.6,9.3
2007-09-09,SONDOC,5.7,10.1
2007-09-10,SONDOC,6.0,12.0
2007-09-11,SONDOC,6.0,14.0
2007-09-12,SONDOC,7.0,14.5
2007-09-13,SONDOC,6.5,14.0
2007-09-14,SONDOC,6.2,13.5
2007-09-15,SONDOC,6.1,13.8
2007-09-16,SONDOC,6.3,13.0
2007-09-17,SONDOC,6.4,11.2
2007-09-18,SONDOC,6.0,11.4
2007-09-19,SONDOC,6.3,13.0
2007-09-20,SONDOC,6.5,13.0
2007-09-21,SONDOC,7.0,14.3
2007-09-22,SONDOC,6.2,13.5
2007-09-23,SONDOC,6.1,13.7
2007-09-24,SONDOC,6.3,13.0
2007-09-25,SONDOC,6.1,13.6
2007-09-26,SONDOC,5.8,12.0
2007-09-27,SONDOC,5.9,12.2
2007-09-28,SONDOC,6.0,12.5
2007-09-29,SONDOC,7.0,12.2
2007-09-30,SONDOC,6.9,11.3
2007-10-01,SONDOC,1.5,6.9
2007-10-02,SONDOC,1.9,5.8
2007-10-03,SONDOC,1.9,6.1
2007-10-04,SONDOC,1.8,6.5
2007-10-05,SONDOC,1.7,6.6
2007-10-06,SONDOC,1.6,6.8
2007-10-07,SONDOC,1.8,7.0
2007-10-08,SONDOC,1.9,7.2
2007-10-09,SONDOC,2.1,7.6
2007-10-10,SONDOC,2.3,7.1
2007-10-11,SONDOC,2.1,7.6
2007-10-12,SONDOC,2.0,7.3
2007-10-13,SONDOC,3.1,7.5
2007-10-14,SONDOC,1.8,8.2
2007-10-15,SONDOC,2.7,9.7
2007-10-16,SONDOC,2.3,9.0
2007-10-17,SONDOC,2.2,9.6
2007-10-18,SONDOC,2.5,9.3
2007-10-19,SONDOC,2.4,12.2
2007-10-20,SONDOC,4.3,10.4
2007-10-21,SONDOC,4.6,12.0
2007-10-22,SONDOC,4.2,11.8
2007-10-23,SONDOC,4.3,11.7
2007-10-24,SONDOC,4.0,10.0
2007-10-25,SONDOC,4.2,9.0
2007-10-26,SONDOC,3.1,8.3
2007-10-27,SONDOC,2.0,9.2
2007-10-28,SONDOC,2.1,8.5
2007-10-29,SONDOC,2.2,9.1
2007-10-30,SONDOC,2.3,9.5
2007-10-31,SONDOC,2.1,9.9
2007-11-01,SONDOC,0.1,4.0
2007-11-02,SONDOC,0.1,3.8
2007-11-03,SONDOC,0.1,3.0
2007-11-04,SONDOC,0.1,4.0
2007-11-05,SONDOC,0.2,4.1
2007-11-06,SONDOC,0.1,4.2
2007-11-07,SONDOC,0.1,4.0
2007-11-08,SONDOC,0.2,3.8
2007-11-09,SONDOC,0.2,3.7
2007-11-10,SONDOC,0.3,3.5
2007-11-11,SONDOC,1.2,2.9
2007-11-12,SONDOC,1.1,4.0
2007-11-13,SONDOC,1.0,4.5
2007-11-14,SONDOC,1.2,5.1
2007-11-15,SONDOC,1.3,5.3
2007-11-16,SONDOC,1.1,5.5
2007-11-17,SONDOC,1.0,5.7
2007-11-18,SONDOC,0.8,5.9
2007-11-19,SONDOC,0.1,6.9
2007-11-20,SONDOC,0.1,4.0
2007-11-21,SONDOC,0.1,3.5
2007-11-22,SONDOC,0.2,3.6
2007-11-23,SONDOC,0.3,3.0
2007-11-24,SONDOC,0.4,3.2
2007-11-25,SONDOC,0.5,3.2
2007-11-26,SONDOC,0.4,4.2
2007-11-27,SONDOC,0.4,6.5
2007-11-28,SONDOC,0.3,6.0
2007-11-29,SONDOC,0.23333333333333334,4.133333333333333
2007-11-30,SONDOC,0.16666666666666666,2.2666666666666666
2007-12-01,SONDOC,0.1,0.4
2007-12-02,SONDOC,0.1,0.3
2007-12-03,SONDOC,0.2,0.4
2007-12-04,SONDOC,0.3,0.6
2007-12-05,SONDOC,0.2,0.5
2007-12-06,SONDOC,0.3,0.7
2007-12-07,SONDOC,0.3,0.8
2007-12-08,SONDOC,0.2,1.0
2007-12-09,SONDOC,0.4,1.2
2007-12-10,SONDOC,0.3,0.6
2007-12-11,SONDOC,0.2,0.7
2007-12-12,SONDOC,0.3,0.6
2007-12-13,SONDOC,0.2,1.1
2007-12-14,SONDOC,0.3,1.2
2007-12-15,SONDOC,0.3,1.0
2007-12-16,SONDOC,0.2,1.4
2007-12-17,SONDOC,0.3,1.4
2007-12-18,SONDOC,0.3,1.9
2007-12-19,SONDOC,0.4,2.1
2007-12-20,SONDOC,0.3,2.3
2007-12-21,SONDOC,0.4,4.1
2007-12-22,SONDOC,0.5,5.1
2007-12-23,SONDOC,0.4,3.9
2007-12-24,SONDOC,0.3,2.7
2007-12-25,SONDOC,0.3,2.6
2007-12-26,SONDOC,0.2,2.8
2007-12-27,SONDOC,0.3,2.3
2007-12-28,SONDOC,0.2,1.9
2007-12-29,SONDOC,0.3,1.7
2007-12-30,SONDOC,0.3,1.8
2007-12-31,SONDOC,0.4,1.9
2008-01-01,SONDOC,0.1,0.3
2008-01-02,SONDOC,0.1,0.3
2008-01-03,SONDOC,0.2,0.3
2008-01-04,SONDOC,0.2,0.5
2008-01-05,SONDOC,0.1,0.2
2008-01-06,SONDOC,0.3,0.6
2008-01-07,SONDOC,0.3,0.7
2008-01-08,SONDOC,0.2,0.9
2008-01-09,SONDOC,0.3,1.1
2008-01-10,SONDOC,0.3,0.5
2008-01-11,SONDOC,0.2,0.6
2008-01-12,SONDOC,0.3,0.5
2008-01-13,SONDOC,0.2,1.0
2008-01-14,SONDOC,0.2,1.0
2008-01-15,SONDOC,0.3,1.1
2008-01-16,SONDOC,0.2,1.2
2008-01-17,SONDOC,0.3,1.3
2008-01-18,SONDOC,0.2,1.7
2008-01-19,SONDOC,0.3,2.0
2008-01-20,SONDOC,0.3,2.1
2008-01-21,SONDOC,0.4,3.9
2008-01-22,SONDOC,0.4,4.4
2008-01-23,SONDOC,0.4,4.0
2008-01-24,SONDOC,0.3,2.8
2008-01-25,SONDOC,0.3,2.5
2008-01-26,SONDOC,0.2,2.7
2008-01-27,SONDOC,0.3,2.3
2008-01-28,SONDOC,0.2,1.8
2008-01-29,SONDOC,0.3,1.6
2008-01-30,SONDOC,0.3,1.9
2008-01-31,SONDOC,0.3,1.8
2008-02-01,SONDOC,0.1,2.1
2008-02-02,SONDOC,0.1,2.9
2008-02-03,SONDOC,0.1,4.8
2008-02-04,SONDOC,0.2,4.2
2008-02-05,SONDOC,0.2,4.5
2008-02-06,SONDOC,0.3,4.7
2008-02-07,SONDOC,0.3,4.8
2008-02-08,SONDOC,0.4,5.8
2008-02-09,SONDOC,0.8,5.2
2008-02-10,SONDOC,0.9,5.0
2008-02-11,SONDOC,0.6,4.8
2008-02-12,SONDOC,0.5,4.4
2008-02-13,SONDOC,0.4,4.9
2008-02-14,SONDOC,0.5,5.0
2008-02-15,SONDOC,0.3,4.9
2008-02-16,SONDOC,0.3,5.0
2008-02-17,SONDOC,0.3,4.2
2008-02-18,SONDOC,0.4,4.4
2008-02-19,SONDOC,0.5,4.6
2008-02-20,SONDOC,0.5,4.7
2008-02-21,SONDOC,0.9,4.7
2008-02-22,SONDOC,0.5,4.5
2008-02-23,SONDOC,0.6,4.6
2008-02-24,SONDOC,0.4,4.7
2008-02-25,SONDOC,0.5,4.0
2008-02-26,SONDOC,0.3,4.2
2008-02-27,SONDOC,0.3,4.3
2008-02-28,SONDOC,0.41,4.7
2008-02-29,SONDOC,0.4,4.8
2008-03-01,SONDOC,0.5,5.2
2008-03-02,SONDOC,1.1,5.7
2008-03-03,SONDOC,1.7,5.5
2008-03-04,SONDOC,1.8,5.2
2008-03-05,SONDOC,1.9,5.0
2008-03-06,SONDOC,5.0,6.2
2008-03-07,SONDOC,2.2,6.8
2008-03-08,SONDOC,3.0,7.1
2008-03-09,SONDOC,4.0,7.3
2008-03-10,SONDOC,4.1,8.1
2008-03-11,SONDOC,3.2,7.0
2008-03-12,SONDOC,2.8,6.2
2008-03-13,SONDOC,2.7,6.1
2008-03-14,SONDOC,2.6,6.0
2008-03-15,SONDOC,2.5,5.9
2008-03-16,SONDOC,2.2,6.4
2008-03-17,SONDOC,2.0,5.3
2008-03-18,SONDOC,2.1,5.5
2008-03-19,SONDOC,1.9,5.7
2008-03-20,SONDOC,2.0,6.1
2008-03-21,SONDOC,2.2,5.7
2008-03-22,SONDOC,2.0,5.0
2008-03-23,SONDOC,1.8,4.5
2008-03-24,SONDOC,1.6,4.3
2008-03-25,SONDOC,1.5,4.2
2008-03-26,SONDOC,1.4,4.0
2008-03-27,SONDOC,1.4,4.1
2008-03-28,SONDOC,1.3,4.3
2008-03-29,SONDOC,1.2,4.0
2008-03-30,SONDOC,1.2,3.9
2008-03-31,SONDOC,1.0,4.5
2008-04-01,SONDOC,1.1,5.8
2008-04-02,SONDOC,1.4,5.2
2008-04-03,SONDOC,1.8,5.4
2008-04-04,SONDOC,2.1,5.0
2008-04-05,SONDOC,3.0,6.1
2008-04-06,SONDOC,3.1,7.2
2008-04-07,SONDOC,3.2,8.1
2008-04-08,SONDOC,3.0,7.3
2008-04-09,SONDOC,3.2,7.7
2008-04-10,SONDOC,3.0,7.1
2008-04-11,SONDOC,2.7,6.5
2008-04-12,SONDOC,2.5,6.8
2008-04-13,SONDOC,2.4,6.0
2008-04-14,SONDOC,2.5,5.9
2008-04-15,SONDOC,2.2,5.4
2008-04-16,SONDOC,2.1,5.6
2008-04-17,SONDOC,2.0,5.8
2008-04-18,SONDOC,2.2,5.2
2008-04-19,SONDOC,2.3,6.1
2008-04-20,SONDOC,2.4,6.3
2008-04-21,SONDOC,2.5,6.8
2008-04-22,SONDOC,2.6,7.0
2008-04-23,SONDOC,2.3,7.4
2008-04-24,SONDOC,2.3,8.3
2008-04-25,SONDOC,2.5,8.0
2008-04-26,SONDOC,2.9,8.2
2008-04-27,SONDOC,3.2,8.3
2008-04-28,SONDOC,3.8,8.5
2008-04-29,SONDOC,4.2,8.0
2008-04-30,SONDOC,3.3,7.2
2008-05-01,SONDOC,3.0,6.0
2008-05-02,SONDOC,2.8,5.8
2008-05-03,SONDOC,5.4,25.5
2008-05-04,SONDOC,2.4,5.7
2008-05-05,SONDOC,2.3,5.8
2008-05-06,SONDOC,2.3,5.9
2008-05-07,SONDOC,2.2,6.1
2008-05-08,SONDOC,2.5,5.2
2008-05-09,SONDOC,1.7,6.5
2008-05-10,SONDOC,1.4,6.0
2008-05-11,SONDOC,1.5,4.0
2008-05-12,SONDOC,1.1,3.8
2008-05-13,SONDOC,0.9,3.4
2008-05-14,SONDOC,0.8,3.0
2008-05-15,SONDOC,1.7,5.3
2008-05-16,SONDOC,2.3,5.6
2008-05-17,SONDOC,2.1,5.0
2008-05-18,SONDOC,1.2,4.0
2008-05-19,SONDOC,1.0,3.2
2008-05-20,SONDOC,0.5,1.8
2008-05-21,SONDOC,0.2,1.4
2008-05-22,SONDOC,0.1,0.9
2008-05-23,SONDOC,0.1,0.9
2008-05-24,SONDOC,0.1,1.0
2008-05-25,SONDOC,0.1,1.0
2008-05-26,SONDOC,0.1,1.1
2008-05-27,SONDOC,0.1,1.2
2008-05-28,SONDOC,0.1,1.5
2008-05-29,SONDOC,0.1,2.9
2008-05-30,SONDOC,0.1,2.8
2008-05-31,SONDOC,0.1,2.7
2008-06-01,SONDOC,0.2,2.5
2008-06-02,SONDOC,0.3,2.8
2008-06-03,SONDOC,0.2,2.9
2008-06-04,SONDOC,0.2,3.1
2008-06-05,SONDOC,0.1,2.4
2008-06-06,SONDOC,0.1,1.9
2008-06-07,SONDOC,0.2,1.8
2008-06-08,SONDOC,0.1,1.5
2008-06-09,SONDOC,0.2,1.1
2008-06-10,SONDOC,0.1,0.9
2008-06-11,SONDOC,0.1,0.7
2008-06-12,SONDOC,0.1,0.6
2008-06-13,SONDOC,0.1,0.4
2008-06-14,SONDOC,0.01,0.3
2008-06-15,SONDOC,0.01,0.2
2008-06-16,SONDOC,0.01,0.1
2008-06-17,SONDOC,0.01,0.2
2008-06-18,SONDOC,0.01,0.2
2008-06-19,SONDOC,0.01,0.1
2008-06-20,SONDOC,0.01,0.2
2008-06-21,SONDOC,0.01,0.1
2008-06-22,SONDOC,0.01,0.1
2008-06-23,SONDOC,0.01,0.1
2008-06-24,SONDOC,0.01,0.1
2008-06-25,SONDOC,0.01,0.1
2008-06-26,SONDOC,0.01,0.1
2008-06-27,SONDOC,0.01,0.1
2008-06-28,SONDOC,0.01,0.1
2008-06-29,SONDOC,0.01,0.1
2008-06-30,SONDOC,0.01,0.1
2008-07-01,SONDOC,0.2,2.5
2008-07-02,SONDOC,0.3,2.8
2008-07-03,SONDOC,0.2,2.9
2008-07-04,SONDOC,0.2,3.1
2008-07-05,SONDOC,0.1,2.4
2008-07-06,SONDOC,0.1,1.9
2008-07-07,SONDOC,0.2,1.8
2008-07-08,SONDOC,0.1,1.5
2008-07-09,SONDOC,0.2,1.1
2008-07-10,SONDOC,0.1,0.9
2008-07-11,SONDOC,0.1,0.7
2008-07-12,SONDOC,0.1,0.6
2008-07-13,SONDOC,0.1,0.4
2008-07-14,SONDOC,0.01,0.3
2008-07-15,SONDOC,0.01,0.2
2008-07-16,SONDOC,0.01,0.1
2008-07-17,SONDOC,0.01,0.2
2008-07-18,SONDOC,0.01,0.2
2008-07-19,SONDOC,0.01,0.1
2008-07-20,SONDOC,0.01,0.2
2008-07-21,SONDOC,0.01,0.1
2008-07-22,SONDOC,0.01,0.1
2008-07-23,SONDOC,0.01,0.1
2008-07-24,SONDOC,0.01,0.1
2008-07-25,SONDOC,0.01,0.1
2008-07-26,SONDOC,0.01,0.1
2008-07-27,SONDOC,0.01,0.1
2008-07-28,SONDOC,0.01,0.1
2008-07-29,SONDOC,0.01,0.1
2008-07-30,SONDOC,0.01,0.1
2008-07-31,SONDOC,1.5050000000000003,3.0500000000000007
2008-08-01,SONDOC,3.0,6.0
2008-08-02,SONDOC,2.8,5.8
2008-08-03,SONDOC,5.4,25.5
2008-08-04,SONDOC,2.4,5.7
2008-08-05,SONDOC,2.3,5.8
2008-08-06,SONDOC,2.3,5.9
2008-08-07,SONDOC,2.2,6.1
2008-08-08,SONDOC,2.5,5.2
2008-08-09,SONDOC,1.7,6.5
2008-08-10,SONDOC,1.4,6.0
2008-08-11,SONDOC,1.5,4.0
2008-08-12,SONDOC,1.1,3.8
2008-08-13,SONDOC,0.9,3.4
2008-08-14,SONDOC,0.8,3.0
2008-08-15,SONDOC,1.7,5.3
2008-08-16,SONDOC,2.3,5.6
2008-08-17,SONDOC,2.1,5.0
2008-08-18,SONDOC,1.2,4.0
2008-08-19,SONDOC,1.0,3.2
2008-08-20,SONDOC,0.5,1.8
2008-08-21,SONDOC,0.2,1.4
2008-08-22,SONDOC,0.1,0.9
2008-08-23,SONDOC,0.1,0.9
2008-08-24,SONDOC,0.1,1.0
2008-08-25,SONDOC,0.1,1.0
2008-08-26,SONDOC,0.1,1.1
2008-08-27,SONDOC,0.1,1.2
2008-08-28,SONDOC,0.1,1.5
2008-08-29,SONDOC,0.1,2.9
2008-08-30,SONDOC,0.1,2.8
2008-08-31,SONDOC,0.1,2.7
2008-09-01,SONDOC,1.1,5.8
2008-09-02,SONDOC,1.4,5.2
2008-09-03,SONDOC,1.8,5.4
2008-09-04,SONDOC,2.1,5.0
2008-09-05,SONDOC,3.0,6.1
2008-09-06,SONDOC,3.1,7.2
2008-09-07,SONDOC,3.2,8.1
2008-09-08,SONDOC,3.0,7.3
2008-09-09,SONDOC,3.2,7.7
2008-09-10,SONDOC,3.0,7.1
2008-09-11,SONDOC,2.7,6.5
2008-09-12,SONDOC,2.5,6.8
2008-09-13,SONDOC,2.4,6.0
2008-09-14,SONDOC,2.5,5.9
2008-09-15,SONDOC,2.2,5.4
2008-09-16,SONDOC,2.1,5.6
2008-09-17,SONDOC,2.0,5.8
2008-09-18,SONDOC,2.2,5.2
2008-09-19,SONDOC,2.3,6.1
2008-09-20,SONDOC,2.4,6.3
2008-09-21,SONDOC,2.5,6.8
2008-09-22,SONDOC,2.6,7.0
2008-09-23,SONDOC,2.3,7.4
2008-09-24,SONDOC,2.3,8.3
2008-09-25,SONDOC,2.5,8.0
2008-09-26,SONDOC,2.9,8.2
2008-09-27,SONDOC,3.2,8.3
2008-09-28,SONDOC,3.8,8.5
2008-09-29,SONDOC,4.2,8.0
2008-09-30,SONDOC,3.3,7.2
2008-10-01,SONDOC,0.5,5.2
2008-10-02,SONDOC,1.1,5.7
2008-10-03,SONDOC,1.7,5.5
2008-10-04,SONDOC,1.8,5.2
2008-10-05,SONDOC,1.9,5.0
2008-10-06,SONDOC,5.0,6.2
2008-10-07,SONDOC,2.2,6.8
2008-10-08,SONDOC,3.0,7.1
2008-10-09,SONDOC,4.0,7.3
2008-10-10,SONDOC,4.1,8.1
2008-10-11,SONDOC,3.2,7.0
2008-10-12,SONDOC,2.8,6.2
2008-10-13,SONDOC,2.7,6.1
2008-10-14,SONDOC,2.6,6.0
2008-10-15,SONDOC,2.5,5.9
2008-10-16,SONDOC,2.2,6.4
2008-10-17,SONDOC,2.0,5.3
2008-10-18,SONDOC,2.1,5.5
2008-10-19,SONDOC,1.9,5.7
2008-10-20,SONDOC,2.0,6.1
2008-10-21,SONDOC,2.2,5.7
2008-10-22,SONDOC,2.0,5.0
2008-10-23,SONDOC,1.8,4.5
2008-10-24,SONDOC,1.6,4.3
2008-10-25,SONDOC,1.5,4.2
2008-10-26,SONDOC,1.4,4.0
2008-10-27,SONDOC,1.4,4.1
2008-10-28,SONDOC,1.3,4.3
2008-10-29,SONDOC,1.2,4.0
2008-10-30,SONDOC,1.2,3.9
2008-10-31,SONDOC,1.0,4.5
2008-11-01,SONDOC,0.1,2.1
2008-11-02,SONDOC,0.1,2.9
2008-11-03,SONDOC,0.1,4.8
2008-11-04,SONDOC,0.2,4.2
2008-11-05,SONDOC,0.2,4.5
2008-11-06,SONDOC,0.3,4.7
2008-11-07,SONDOC,0.3,4.8
2008-11-08,SONDOC,0.4,5.8
2008-11-09,SONDOC,0.8,5.2
2008-11-10,SONDOC,0.9,5.0
2008-11-11,SONDOC,0.6,4.8
2008-11-12,SONDOC,0.5,4.4
2008-11-13,SONDOC,0.4,4.9
2008-11-14,SONDOC,0.5,5.0
2008-11-15,SONDOC,0.3,4.9
2008-11-16,SONDOC,0.3,5.0
2008-11-17,SONDOC,0.3,4.2
2008-11-18,SONDOC,0.4,4.4
2008-11-19,SONDOC,0.5,4.6
2008-11-20,SONDOC,0.5,4.7
2008-11-21,SONDOC,0.9,4.7
2008-11-22,SONDOC,0.5,4.5
2008-11-23,SONDOC,0.6,4.6
2008-11-24,SONDOC,0.4,4.7
2008-11-25,SONDOC,0.5,4.0
2008-11-26,SONDOC,0.3,4.2
2008-11-27,SONDOC,0.3,4.3
2008-11-28,SONDOC,0.41,4.7
2008-11-29,SONDOC,0.4,4.8
2008-11-30,SONDOC,0.25,2.55
2008-12-01,SONDOC,0.1,0.3
2008-12-02,SONDOC,0.1,0.3
2008-12-03,SONDOC,0.2,0.3
2008-12-04,SONDOC,0.2,0.5
2008-12-05,SONDOC,0.1,0.2
2008-12-06,SONDOC,0.3,0.6
2008-12-07,SONDOC,0.3,0.7
2008-12-08,SONDOC,0.2,0.9
2008-12-09,SONDOC,0.3,1.1
2008-12-10,SONDOC,0.3,0.5
2008-12-11,SONDOC,0.2,0.6
2008-12-12,SONDOC,0.3,0.5
2008-12-13,SONDOC,0.2,1.0
2008-12-14,SONDOC,0.2,1.0
2008-12-15,SONDOC,0.3,1.1
2008-12-16,SONDOC,0.2,1.2
2008-12-17,SONDOC,0.3,1.3
2008-12-18,SONDOC,0.2,1.7
2008-12-19,SONDOC,0.3,2.0
2008-12-20,SONDOC,0.3,2.1
2008-12-21,SONDOC,0.4,3.9
2008-12-22,SONDOC,0.4,4.4
2008-12-23,SONDOC,0.4,4.0
2008-12-24,SONDOC,0.3,2.8
2008-12-25,SONDOC,0.3,2.5
2008-12-26,SONDOC,0.2,2.7
2008-12-27,SONDOC,0.3,2.3
2008-12-28,SONDOC,0.2,1.8
2008-12-29,SONDOC,0.3,1.6
2008-12-30,SONDOC,0.3,1.9
2008-12-31,SONDOC,0.3,1.8
2009-01-01,SONDOC,0.01,0.2
2009-01-02,SONDOC,0.01,0.2
2009-01-03,SONDOC,0.01,0.3
2009-01-04,SONDOC,0.01,0.2
2009-01-05,SONDOC,0.01,0.2
2009-01-06,SONDOC,0.1,0.3
2009-01-07,SONDOC,0.1,0.4
2009-01-08,SONDOC,0.2,0.5
2009-01-09,SONDOC,0.2,0.7
2009-01-10,SONDOC,0.3,0.8
2009-01-11,SONDOC,0.2,0.5
2009-01-12,SONDOC,0.2,0.4
2009-01-13,SONDOC,0.3,0.9
2009-01-14,SONDOC,0.4,1.0
2009-01-15,SONDOC,0.2,0.8
2009-01-16,SONDOC,0.2,0.7
2009-01-17,SONDOC,0.2,0.9
2009-01-18,SONDOC,0.3,1.2
2009-01-19,SONDOC,0.4,1.6
2009-01-20,SONDOC,0.4,1.8
2009-01-21,SONDOC,0.5,2.0
2009-01-22,SONDOC,0.5,2.3
2009-01-23,SONDOC,0.4,2.5
2009-01-24,SONDOC,0.4,2.4
2009-01-25,SONDOC,0.5,2.6
2009-01-26,SONDOC,0.3,2.3
2009-01-27,SONDOC,0.4,2.4
2009-01-28,SONDOC,0.3,1.5
2009-01-29,SONDOC,0.2,1.2
2009-01-30,SONDOC,0.2,0.9
2009-01-31,SONDOC,0.2,0.7
2009-02-01,SONDOC,0.1,0.6
2009-02-02,SONDOC,0.1,0.5
2009-02-03,SONDOC,0.1,0.8
2009-02-04,SONDOC,0.2,1.1
2009-02-05,SONDOC,0.3,1.4
2009-02-06,SONDOC,0.3,1.6
2009-02-07,SONDOC,0.2,1.5
2009-02-08,SONDOC,0.3,1.7
2009-02-09,SONDOC,0.1,2.0
2009-02-10,SONDOC,0.1,3.2
2009-02-11,SONDOC,0.1,3.2
2009-02-12,SONDOC,0.2,2.8
2009-02-13,SONDOC,0.2,2.5
2009-02-14,SONDOC,0.2,2.4
2009-02-15,SONDOC,0.1,2.2
2009-02-16,SONDOC,0.1,2.0
2009-02-17,SONDOC,0.2,0.9
2009-02-18,SONDOC,0.1,0.5
2009-02-19,SONDOC,0.1,1.9
2009-02-20,SONDOC,0.1,3.3
2009-02-21,SONDOC,0.2,3.0
2009-02-22,SONDOC,0.1,2.5
2009-02-23,SONDOC,0.1,2.9
2009-02-24,SONDOC,0.2,3.3
2009-02-25,SONDOC,0.2,3.8
2009-02-26,SONDOC,0.2,4.5
2009-02-27,SONDOC,0.2,3.5
2009-02-28,SONDOC,0.2,4.0
2009-03-01,SONDOC,0.4,4.1
2009-03-02,SONDOC,1.0,4.3
2009-03-03,SONDOC,1.1,4.0
2009-03-04,SONDOC,1.2,4.1
2009-03-05,SONDOC,0.2,2.7
2009-03-06,SONDOC,0.2,2.6
2009-03-07,SONDOC,0.1,5.2
2009-03-08,SONDOC,2.8,5.9
2009-03-09,SONDOC,3.7,6.1
2009-03-10,SONDOC,3.9,7.0
2009-03-11,SONDOC,0.8,6.6
2009-03-12,SONDOC,0.8,6.5
2009-03-13,SONDOC,0.7,5.4
2009-03-14,SONDOC,2.4,5.0
2009-03-15,SONDOC,2.3,4.9
2009-03-16,SONDOC,2.0,5.5
2009-03-17,SONDOC,1.9,5.0
2009-03-18,SONDOC,1.7,4.7
2009-03-19,SONDOC,0.8,2.2
2009-03-20,SONDOC,0.6,4.4
2009-03-21,SONDOC,0.5,5.0
2009-03-22,SONDOC,1.4,4.8
2009-03-23,SONDOC,1.5,4.3
2009-03-24,SONDOC,1.4,4.1
2009-03-25,SONDOC,1.3,4.0
2009-03-26,SONDOC,1.2,3.8
2009-03-27,SONDOC,1.5,3.9
2009-03-28,SONDOC,1.2,6.4
2009-03-29,SONDOC,1.5,9.1
2009-03-30,SONDOC,1.1,9.2
2009-03-31,SONDOC,1.2,3.9
2009-04-01,SONDOC,0.9,5.2
2009-04-02,SONDOC,4.6,10.3
2009-04-03,SONDOC,1.3,10.6
2009-04-04,SONDOC,1.8,11.8
2009-04-05,SONDOC,1.9,5.1
2009-04-06,SONDOC,2.1,6.1
2009-04-07,SONDOC,2.4,7.0
2009-04-08,SONDOC,2.2,6.4
2009-04-09,SONDOC,2.4,6.5
2009-04-10,SONDOC,2.6,6.2
2009-04-11,SONDOC,1.6,8.3
2009-04-12,SONDOC,1.7,6.6
2009-04-13,SONDOC,4.4,6.7
2009-04-14,SONDOC,2.1,5.0
2009-04-15,SONDOC,1.9,4.7
2009-04-16,SONDOC,1.8,4.9
2009-04-17,SONDOC,1.9,5.1
2009-04-18,SONDOC,1.6,4.8
2009-04-19,SONDOC,1.2,2.4
2009-04-20,SONDOC,1.7,5.4
2009-04-21,SONDOC,1.5,5.9
2009-04-22,SONDOC,1.9,8.2
2009-04-23,SONDOC,2.0,7.3
2009-04-24,SONDOC,1.8,7.8
2009-04-25,SONDOC,1.6,7.6
2009-04-26,SONDOC,1.4,6.7
2009-04-27,SONDOC,1.2,7.0
2009-04-28,SONDOC,1.0,8.2
2009-04-29,SONDOC,2.4,7.8
2009-04-30,SONDOC,2.2,7.0
2009-05-01,SONDOC,3.1,6.4
2009-05-02,SONDOC,2.6,6.0
2009-05-03,SONDOC,2.5,5.2
2009-05-04,SONDOC,2.3,5.5
2009-05-05,SONDOC,2.2,6.0
2009-05-06,SONDOC,2.1,5.7
2009-05-07,SONDOC,2.0,6.3
2009-05-08,SONDOC,2.3,5.0
2009-05-09,SONDOC,1.9,6.6
2009-05-10,SONDOC,1.5,6.2
2009-05-11,SONDOC,1.6,4.2
2009-05-12,SONDOC,1.2,3.9
2009-05-13,SONDOC,1.0,3.3
2009-05-14,SONDOC,0.9,3.2
2009-05-15,SONDOC,1.6,5.13
2009-05-16,SONDOC,2.1,5.8
2009-05-17,SONDOC,2.2,5.2
2009-05-18,SONDOC,1.4,4.1
2009-05-19,SONDOC,1.1,3.4
2009-05-20,SONDOC,0.6,1.9
2009-05-21,SONDOC,0.3,1.5
2009-05-22,SONDOC,0.2,1.0
2009-05-23,SONDOC,0.1,1.1
2009-05-24,SONDOC,0.1,1.0
2009-05-25,SONDOC,0.1,0.9
2009-05-26,SONDOC,0.1,1.2
2009-05-27,SONDOC,0.2,1.4
2009-05-28,SONDOC,0.2,1.3
2009-05-29,SONDOC,0.3,2.5
2009-05-30,SONDOC,0.3,2.7
2009-05-31,SONDOC,0.2,2.4
2009-06-01,SONDOC,0.2,2.3
2009-06-02,SONDOC,0.2,2.5
2009-06-03,SONDOC,0.3,2.6
2009-06-04,SONDOC,0.3,2.8
2009-06-05,SONDOC,0.2,2.2
2009-06-06,SONDOC,0.2,2.0
2009-06-07,SONDOC,0.3,1.7
2009-06-08,SONDOC,0.2,1.4
2009-06-09,SONDOC,0.2,1.2
2009-06-10,SONDOC,0.2,1.0
2009-06-11,SONDOC,0.1,0.8
2009-06-12,SONDOC,0.1,0.7
2009-06-13,SONDOC,0.1,0.4
2009-06-14,SONDOC,0.1,0.3
2009-06-15,SONDOC,0.01,0.2
2009-06-16,SONDOC,0.1,0.3
2009-06-17,SONDOC,0.01,0.2
2009-06-18,SONDOC,0.1,0.3
2009-06-19,SONDOC,0.2,0.4
2009-06-20,SONDOC,0.1,0.3
2009-06-21,SONDOC,0.01,0.2
2009-06-22,SONDOC,0.01,0.1
2009-06-23,SONDOC,0.01,0.1
2009-06-24,SONDOC,0.01,0.1
2009-06-25,SONDOC,0.01,0.1
2009-06-26,SONDOC,0.01,0.1
2009-06-27,SONDOC,0.01,0.1
2009-06-28,SONDOC,0.01,0.1
2009-06-29,SONDOC,0.01,0.1
2009-06-30,SONDOC,0.01,0.1
2009-07-01,SONDOC,0.2,2.3
2009-07-02,SONDOC,0.2,2.5
2009-07-03,SONDOC,0.3,2.6
2009-07-04,SONDOC,0.3,2.8
2009-07-05,SONDOC,0.2,2.2
2009-07-06,SONDOC,0.2,2.0
2009-07-07,SONDOC,0.3,1.7
2009-07-08,SONDOC,0.2,1.4
2009-07-09,SONDOC,0.2,1.2
2009-07-10,SONDOC,0.2,1.0
2009-07-11,SONDOC,0.1,0.8
2009-07-12,SONDOC,0.1,0.7
2009-07-13,SONDOC,0.1,0.4
2009-07-14,SONDOC,0.1,0.3
2009-07-15,SONDOC,0.01,0.2
2009-07-16,SONDOC,0.1,0.3
2009-07-17,SONDOC,0.01,0.2
2009-07-18,SONDOC,0.1,0.3
2009-07-19,SONDOC,0.2,0.4
2009-07-20,SONDOC,0.1,0.3
2009-07-21,SONDOC,0.01,0.2
2009-07-22,SONDOC,0.01,0.1
2009-07-23,SONDOC,0.01,0.1
2009-07-24,SONDOC,0.01,0.1
2009-07-25,SONDOC,0.01,0.1
2009-07-26,SONDOC,0.01,0.1
2009-07-27,SONDOC,0.01,0.1
2009-07-28,SONDOC,0.01,0.1
2009-07-29,SONDOC,0.01,0.1
2009-07-30,SONDOC,0.01,0.1
2009-07-31,SONDOC,1.5550000000000004,3.2500000000000004
2009-08-01,SONDOC,3.1,6.4
2009-08-02,SONDOC,2.6,6.0
2009-08-03,SONDOC,2.5,5.2
2009-08-04,SONDOC,2.3,5.5
2009-08-05,SONDOC,2.2,6.0
2009-08-06,SONDOC,2.1,5.7
2009-08-07,SONDOC,2.0,6.3
2009-08-08,SONDOC,2.3,5.0
2009-08-09,SONDOC,1.9,6.6
2009-08-10,SONDOC,1.5,6.2
2009-08-11,SONDOC,1.6,4.2
2009-08-12,SONDOC,1.2,3.9
2009-08-13,SONDOC,1.0,3.3
2009-08-14,SONDOC,0.9,3.2
2009-08-15,SONDOC,1.6,5.13
2009-08-16,SONDOC,2.1,5.8
2009-08-17,SONDOC,2.2,5.2
2009-08-18,SONDOC,1.4,4.1
2009-08-19,SONDOC,1.1,3.4
2009-08-20,SONDOC,0.6,1.9
2009-08-21,SONDOC,0.3,1.5
2009-08-22,SONDOC,0.2,1.0
2009-08-23,SONDOC,0.1,1.1
2009-08-24,SONDOC,0.1,1.0
2009-08-25,SONDOC,0.1,0.9
2009-08-26,SONDOC,0.1,1.2
2009-08-27,SONDOC,0.2,1.4
2009-08-28,SONDOC,0.2,1.3
2009-08-29,SONDOC,0.3,2.5
2009-08-30,SONDOC,0.3,2.7
2009-08-31,SONDOC,0.2,2.4
2009-09-01,SONDOC,0.9,5.2
2009-09-02,SONDOC,4.6,10.3
2009-09-03,SONDOC,1.3,10.6
2009-09-04,SONDOC,1.8,11.8
2009-09-05,SONDOC,1.9,5.1
2009-09-06,SONDOC,2.1,6.1
2009-09-07,SONDOC,2.4,7.0
2009-09-08,SONDOC,2.2,6.4
2009-09-09,SONDOC,2.4,6.5
2009-09-10,SONDOC,2.6,6.2
2009-09-11,SONDOC,1.6,8.3
2009-09-12,SONDOC,1.7,6.6
2009-09-13,SONDOC,4.4,6.7
2009-09-14,SONDOC,2.1,5.0
2009-09-15,SONDOC,1.9,4.7
2009-09-16,SONDOC,1.8,4.9
2009-09-17,SONDOC,1.9,5.1
2009-09-18,SONDOC,1.6,4.8
2009-09-19,SONDOC,1.2,2.4
2009-09-20,SONDOC,1.7,5.4
2009-09-21,SONDOC,1.5,5.9
2009-09-22,SONDOC,1.9,8.2
2009-09-23,SONDOC,2.0,7.3
2009-09-24,SONDOC,1.8,7.8
2009-09-25,SONDOC,1.6,7.6
2009-09-26,SONDOC,1.4,6.7
2009-09-27,SONDOC,1.2,7.0
2009-09-28,SONDOC,1.0,8.2
2009-09-29,SONDOC,2.4,7.8
2009-09-30,SONDOC,2.2,7.0
2009-10-01,SONDOC,0.4,4.1
2009-10-02,SONDOC,1.0,4.3
2009-10-03,SONDOC,1.1,4.0
2009-10-04,SONDOC,1.2,4.1
2009-10-05,SONDOC,0.2,2.7
2009-10-06,SONDOC,0.2,2.6
2009-10-07,SONDOC,0.1,5.2
2009-10-08,SONDOC,2.8,5.9
2009-10-09,SONDOC,3.7,6.1
2009-10-10,SONDOC,3.9,7.0
2009-10-11,SONDOC,0.8,6.6
2009-10-12,SONDOC,0.8,6.5
2009-10-13,SONDOC,0.7,5.4
2009-10-14,SONDOC,2.4,5.0
2009-10-15,SONDOC,2.3,4.9
2009-10-16,SONDOC,2.0,5.5
2009-10-17,SONDOC,1.9,5.0
2009-10-18,SONDOC,1.7,4.7
2009-10-19,SONDOC,0.8,2.2
2009-10-20,SONDOC,0.6,4.4
2009-10-21,SONDOC,0.5,5.0
2009-10-22,SONDOC,1.4,4.8
2009-10-23,SONDOC,1.5,4.3
2009-10-24,SONDOC,1.4,4.1
2009-10-25,SONDOC,1.3,4.0
2009-10-26,SONDOC,1.2,3.8
2009-10-27,SONDOC,1.5,3.9
2009-10-28,SONDOC,1.2,6.4
2009-10-29,SONDOC,1.5,9.1
2009-10-30,SONDOC,1.1,9.2
2009-10-31,SONDOC,1.2,3.9
2009-11-01,SONDOC,0.1,0.6
2009-11-02,SONDOC,0.1,0.5
2009-11-03,SONDOC,0.1,0.8
2009-11-04,SONDOC,0.2,1.1
2009-11-05,SONDOC,0.3,1.4
2009-11-06,SONDOC,0.3,1.6
2009-11-07,SONDOC,0.2,1.5
2009-11-08,SONDOC,0.3,1.7
2009-11-09,SONDOC,0.1,2.0
2009-11-10,SONDOC,0.1,3.2
2009-11-11,SONDOC,0.1,3.2
2009-11-12,SONDOC,0.2,2.8
2009-11-13,SONDOC,0.2,2.5
2009-11-14,SONDOC,0.2,2.4
2009-11-15,SONDOC,0.1,2.2
2009-11-16,SONDOC,0.1,2.0
2009-11-17,SONDOC,0.2,0.9
2009-11-18,SONDOC,0.1,0.5
2009-11-19,SONDOC,0.1,1.9
2009-11-20,SONDOC,0.1,3.3
2009-11-21,SONDOC,0.2,3.0
2009-11-22,SONDOC,0.1,2.5
2009-11-23,SONDOC,0.1,2.9
2009-11-24,SONDOC,0.2,3.3
2009-11-25,SONDOC,0.2,3.8
2009-11-26,SONDOC,0.2,4.5
2009-11-27,SONDOC,0.2,3.5
2009-11-28,SONDOC,0.2,4.0
2009-11-29,SONDOC,0.13666666666666666,2.7333333333333334
2009-11-30,SONDOC,0.07333333333333333,1.4666666666666668
2009-12-01,SONDOC,0.01,0.2
2009-12-02,SONDOC,0.01,0.2
2009-12-03,SONDOC,0.01,0.3
2009-12-04,SONDOC,0.01,0.2
2009-12-05,SONDOC,0.01,0.2
2009-12-06,SONDOC,0.1,0.3
2009-12-07,SONDOC,0.1,0.4
2009-12-08,SONDOC,0.2,0.5
2009-12-09,SONDOC,0.2,0.7
2009-12-10,SONDOC,0.3,0.8
2009-12-11,SONDOC,0.2,0.5
2009-12-12,SONDOC,0.2,0.4
2009-12-13,SONDOC,0.3,0.9
2009-12-14,SONDOC,0.4,1.0
2009-12-15,SONDOC,0.2,0.8
2009-12-16,SONDOC,0.2,0.7
2009-12-17,SONDOC,0.2,0.9
2009-12-18,SONDOC,0.3,1.2
2009-12-19,SONDOC,0.4,1.6
2009-12-20,SONDOC,0.4,1.8
2009-12-21,SONDOC,0.5,2.0
2009-12-22,SONDOC,0.5,2.3
2009-12-23,SONDOC,0.4,2.5
2009-12-24,SONDOC,0.4,2.4
2009-12-25,SONDOC,0.5,2.6
2009-12-26,SONDOC,0.3,2.3
2009-12-27,SONDOC,0.4,2.4
2009-12-28,SONDOC,0.3,1.5
2009-12-29,SONDOC,0.2,1.2
2009-12-30,SONDOC,0.2,0.9
2009-12-31,SONDOC,0.2,0.7
2010-01-01,SONDOC,0.01,0.2
2010-01-02,SONDOC,0.01,0.3
2010-01-03,SONDOC,0.01,0.3
2010-01-04,SONDOC,0.01,0.4
2010-01-05,SONDOC,0.01,0.5
2010-01-06,SONDOC,0.1,0.7
2010-01-07,SONDOC,0.2,0.8
2010-01-08,SONDOC,0.3,1.0
2010-01-09,SONDOC,0.3,1.1
2010-01-10,SONDOC,0.4,1.0
2010-01-11,SONDOC,0.2,0.9
2010-01-12,SONDOC,0.4,1.2
2010-01-13,SONDOC,0.4,1.3
2010-01-14,SONDOC,0.4,1.0
2010-01-15,SONDOC,0.3,0.8
2010-01-16,SONDOC,0.3,0.9
2010-01-17,SONDOC,0.4,1.2
2010-01-18,SONDOC,0.4,1.3
2010-01-19,SONDOC,0.3,1.5
2010-01-20,SONDOC,0.2,1.0
2010-01-21,SONDOC,0.4,1.7
2010-01-22,SONDOC,0.5,2.0
2010-01-23,SONDOC,0.6,2.2
2010-01-24,SONDOC,0.5,2.4
2010-01-25,SONDOC,0.6,2.6
2010-01-26,SONDOC,0.7,2.9
2010-01-27,SONDOC,0.5,3.5
2010-01-28,SONDOC,0.5,3.6
2010-01-29,SONDOC,0.4,3.4
2010-01-30,SONDOC,0.7,3.9
2010-01-31,SONDOC,0.8,4.5
2010-02-01,SONDOC,0.9,5.4
2010-02-02,SONDOC,0.9,4.0
2010-02-03,SONDOC,0.9,2.9
2010-02-04,SONDOC,0.5,2.0
2010-02-05,SONDOC,0.4,1.8
2010-02-06,SONDOC,0.5,1.5
2010-02-07,SONDOC,0.5,1.3
2010-02-08,SONDOC,0.1,0.8
2010-02-09,SONDOC,0.1,0.3
2010-02-10,SONDOC,0.1,0.5
2010-02-11,SONDOC,0.3,0.9
2010-02-12,SONDOC,0.4,1.5
2010-02-13,SONDOC,0.9,3.9
2010-02-14,SONDOC,0.8,4.0
2010-02-15,SONDOC,1.0,5.0
2010-02-16,SONDOC,0.5,4.0
2010-02-17,SONDOC,0.6,3.5
2010-02-18,SONDOC,0.7,4.0
2010-02-19,SONDOC,0.9,4.1
2010-02-20,SONDOC,1.0,4.2
2010-02-21,SONDOC,1.5,4.4
2010-02-22,SONDOC,2.0,5.1
2010-02-23,SONDOC,1.0,5.8
2010-02-24,SONDOC,1.0,5.0
2010-02-25,SONDOC,1.1,5.1
2010-02-26,SONDOC,1.2,5.3
2010-02-27,SONDOC,1.0,5.4
2010-02-28,SONDOC,1.1,5.5
2010-03-01,SONDOC,2.0,7.9
2010-03-02,SONDOC,2.2,8.1
2010-03-03,SONDOC,2.2,6.0
2010-03-04,SONDOC,2.0,6.1
2010-03-05,SONDOC,2.1,6.2
2010-03-06,SONDOC,2.0,5.8
2010-03-07,SONDOC,2.1,5.6
2010-03-08,SONDOC,2.0,5.5
2010-03-09,SONDOC,2.0,6.5
2010-03-10,SONDOC,2.0,9.8
2010-03-11,SONDOC,2.0,7.0
2010-03-12,SONDOC,1.9,6.5
2010-03-13,SONDOC,2.0,6.8
2010-03-14,SONDOC,2.3,7.1
2010-03-15,SONDOC,2.3,8.5
2010-03-16,SONDOC,4.5,8.8
2010-03-17,SONDOC,5.5,9.0
2010-03-18,SONDOC,6.0,10.0
2010-03-19,SONDOC,6.8,14.0
2010-03-20,SONDOC,8.1,13.1
2010-03-21,SONDOC,7.0,14.0
2010-03-22,SONDOC,6.5,12.5
2010-03-23,SONDOC,6.8,12.1
2010-03-24,SONDOC,7.0,12.0
2010-03-25,SONDOC,6.3,13.0
2010-03-26,SONDOC,7.0,14.0
2010-03-27,SONDOC,6.5,13.5
2010-03-28,SONDOC,7.1,14.5
2010-03-29,SONDOC,9.0,16.0
2010-03-30,SONDOC,9.5,16.5
2010-03-31,SONDOC,11.0,17.1
2010-04-01,SONDOC,11.5,18.3
2010-04-02,SONDOC,9.0,15.5
2010-04-03,SONDOC,8.8,15.0
2010-04-04,SONDOC,7.5,14.3
2010-04-05,SONDOC,8.0,14.4
2010-04-06,SONDOC,8.9,15.6
2010-04-07,SONDOC,6.8,13.3
2010-04-08,SONDOC,5.2,11.9
2010-04-09,SONDOC,5.3,11.5
2010-04-10,SONDOC,5.0,11.0
2010-04-11,SONDOC,5.5,12.5
2010-04-12,SONDOC,6.0,13.0
2010-04-13,SONDOC,6.1,12.5
2010-04-14,SONDOC,6.3,12.8
2010-04-15,SONDOC,6.8,13.0
2010-04-16,SONDOC,8.2,14.8
2010-04-17,SONDOC,8.9,15.0
2010-04-18,SONDOC,7.0,14.8
2010-04-19,SONDOC,6.5,15.0
2010-04-20,SONDOC,8.0,14.5
2010-04-21,SONDOC,9.5,14.9
2010-04-22,SONDOC,9.0,14.3
2010-04-23,SONDOC,8.1,13.9
2010-04-24,SONDOC,8.2,13.0
2010-04-25,SONDOC,8.3,13.1
2010-04-26,SONDOC,8.5,13.2
2010-04-27,SONDOC,9.0,13.4
2010-04-28,SONDOC,9.1,14.0
2010-04-29,SONDOC,9.2,14.9
2010-04-30,SONDOC,8.2,14.5
2010-05-01,SONDOC,8.0,14.0
2010-05-02,SONDOC,7.0,13.0
2010-05-03,SONDOC,6.0,12.0
2010-05-04,SONDOC,5.5,11.0
2010-05-05,SONDOC,5.0,10.5
2010-05-06,SONDOC,5.2,10.8
2010-05-07,SONDOC,5.3,10.6
2010-05-08,SONDOC,5.1,10.4
2010-05-09,SONDOC,5.2,10.2
2010-05-10,SONDOC,6.6,11.4
2010-05-11,SONDOC,6.0,11.0
2010-05-12,SONDOC,5.5,11.1
2010-05-13,SONDOC,6.0,11.3
2010-05-14,SONDOC,6.2,12.0
2010-05-15,SONDOC,6.9,12.8
2010-05-16,SONDOC,6.6,13.0
2010-05-17,SONDOC,6.0,14.7
2010-05-18,SONDOC,5.9,14.0
2010-05-19,SONDOC,6.0,13.0
2010-05-20,SONDOC,4.5,9.1
2010-05-21,SONDOC,4.0,8.5
2010-05-22,SONDOC,3.8,8.3
2010-05-23,SONDOC,4.0,7.3
2010-05-24,SONDOC,3.9,7.7
2010-05-25,SONDOC,4.0,7.3
2010-05-26,SONDOC,3.5,7.0
2010-05-27,SONDOC,3.8,7.2
2010-05-28,SONDOC,3.3,7.1
2010-05-29,SONDOC,3.0,6.4
2010-05-30,SONDOC,2.1,8.3
2010-05-31,SONDOC,2.1,8.1
2010-06-01,SONDOC,3.2,7.5
2010-06-02,SONDOC,3.1,7.1
2010-06-03,SONDOC,3.0,6.5
2010-06-04,SONDOC,2.9,7.0
2010-06-05,SONDOC,2.5,7.2
2010-06-06,SONDOC,2.4,7.1
2010-06-07,SONDOC,2.3,7.0
2010-06-08,SONDOC,2.0,6.1
2010-06-09,SONDOC,2.1,6.0
2010-06-10,SONDOC,2.3,6.1
2010-06-11,SONDOC,2.1,6.4
2010-06-12,SONDOC,2.4,7.1
2010-06-13,SONDOC,2.0,7.2
2010-06-14,SONDOC,2.1,7.8
2010-06-15,SONDOC,2.0,6.7
2010-06-16,SONDOC,1.8,6.0
2010-06-17,SONDOC,1.7,5.8
2010-06-18,SONDOC,1.5,5.2
2010-06-19,SONDOC,1.6,4.5
2010-06-20,SONDOC,1.1,3.8
2010-06-21,SONDOC,1.0,3.5
2010-06-22,SONDOC,0.9,2.8
2010-06-23,SONDOC,0.8,1.9
2010-06-24,SONDOC,0.7,1.8
2010-06-25,SONDOC,0.6,1.9
2010-06-26,SONDOC,0.7,1.9
2010-06-27,SONDOC,0.5,2.0
2010-06-28,SONDOC,0.5,1.3
2010-06-29,SONDOC,0.6,1.4
2010-06-30,SONDOC,0.5,1.2
2010-07-01,SONDOC,3.2,7.5
2010-07-02,SONDOC,3.1,7.1
2010-07-03,SONDOC,3.0,6.5
2010-07-04,SONDOC,2.9,7.0
2010-07-05,SONDOC,2.5,7.2
2010-07-06,SONDOC,2.4,7.1
2010-07-07,SONDOC,2.3,7.0
2010-07-08,SONDOC,2.0,6.1
2010-07-09,SONDOC,2.1,6.0
2010-07-10,SONDOC,2.3,6.1
2010-07-11,SONDOC,2.1,6.4
2010-07-12,SONDOC,2.4,7.1
2010-07-13,SONDOC,2.0,7.2
2010-07-14,SONDOC,2.1,7.8
2010-07-15,SONDOC,2.0,6.7
2010-07-16,SONDOC,1.8,6.0
2010-07-17,SONDOC,1.7,5.8
2010-07-18,SONDOC,1.5,5.2
2010-07-19,SONDOC,1.6,4.5
2010-07-20,SONDOC,1.1,3.8
2010-07-21,SONDOC,1.0,3.5
2010-07-22,SONDOC,0.9,2.8
2010-07-23,SONDOC,0.8,1.9
2010-07-24,SONDOC,0.7,1.8
2010-07-25,SONDOC,0.6,1.9
2010-07-26,SONDOC,0.7,1.9
2010-07-27,SONDOC,0.5,2.0
2010-07-28,SONDOC,0.5,1.3
2010-07-29,SONDOC,0.6,1.4
2010-07-30,SONDOC,0.5,1.2
2010-07-31,SONDOC,4.25,7.6000000000000005
2010-08-01,SONDOC,8.0,14.0
2010-08-02,SONDOC,7.0,13.0
2010-08-03,SONDOC,6.0,12.0
2010-08-04,SONDOC,5.5,11.0
2010-08-05,SONDOC,5.0,10.5
2010-08-06,SONDOC,5.2,10.8
2010-08-07,SONDOC,5.3,10.6
2010-08-08,SONDOC,5.1,10.4
2010-08-09,SONDOC,5.2,10.2
2010-08-10,SONDOC,6.6,11.4
2010-08-11,SONDOC,6.0,11.0
2010-08-12,SONDOC,5.5,11.1
2010-08-13,SONDOC,6.0,11.3
2010-08-14,SONDOC,6.2,12.0
2010-08-15,SONDOC,6.9,12.8
2010-08-16,SONDOC,6.6,13.0
2010-08-17,SONDOC,6.0,14.7
2010-08-18,SONDOC,5.9,14.0
2010-08-19,SONDOC,6.0,13.0
2010-08-20,SONDOC,4.5,9.1
2010-08-21,SONDOC,4.0,8.5
2010-08-22,SONDOC,3.8,8.3
2010-08-23,SONDOC,4.0,7.3
2010-08-24,SONDOC,3.9,7.7
2010-08-25,SONDOC,4.0,7.3
2010-08-26,SONDOC,3.5,7.0
2010-08-27,SONDOC,3.8,7.2
2010-08-28,SONDOC,3.3,7.1
2010-08-29,SONDOC,3.0,6.4
2010-08-30,SONDOC,2.1,8.3
2010-08-31,SONDOC,2.1,8.1
2010-09-01,SONDOC,11.5,18.3
2010-09-02,SONDOC,9.0,15.5
2010-09-03,SONDOC,8.8,15.0
2010-09-04,SONDOC,7.5,14.3
2010-09-05,SONDOC,8.0,14.4
2010-09-06,SONDOC,8.9,15.6
2010-09-07,SONDOC,6.8,13.3
2010-09-08,SONDOC,5.2,11.9
2010-09-09,SONDOC,5.3,11.5
2010-09-10,SONDOC,5.0,11.0
2010-09-11,SONDOC,5.5,12.5
2010-09-12,SONDOC,6.0,13.0
2010-09-13,SONDOC,6.1,12.5
2010-09-14,SONDOC,6.3,12.8
2010-09-15,SONDOC,6.8,13.0
2010-09-16,SONDOC,8.2,14.8
2010-09-17,SONDOC,8.9,15.0
2010-09-18,SONDOC,7.0,14.8
2010-09-19,SONDOC,6.5,15.0
2010-09-20,SONDOC,8.0,14.5
2010-09-21,SONDOC,9.5,14.9
2010-09-22,SONDOC,9.0,14.3
2010-09-23,SONDOC,8.1,13.9
2010-09-24,SONDOC,8.2,13.0
2010-09-25,SONDOC,8.3,13.1
2010-09-26,SONDOC,8.5,13.2
2010-09-27,SONDOC,9.0,13.4
2010-09-28,SONDOC,9.1,14.0
2010-09-29,SONDOC,9.2,14.9
2010-09-30,SONDOC,8.2,14.5
2010-10-01,SONDOC,2.0,7.9
2010-10-02,SONDOC,2.2,8.1
2010-10-03,SONDOC,2.2,6.0
2010-10-04,SONDOC,2.0,6.1
2010-10-05,SONDOC,2.1,6.2
2010-10-06,SONDOC,2.0,5.8
2010-10-07,SONDOC,2.1,5.6
2010-10-08,SONDOC,2.0,5.5
2010-10-09,SONDOC,2.0,6.5
2010-10-10,SONDOC,2.0,9.8
2010-10-11,SONDOC,2.0,7.0
2010-10-12,SONDOC,1.9,6.5
2010-10-13,SONDOC,2.0,6.8
2010-10-14,SONDOC,2.3,7.1
2010-10-15,SONDOC,2.3,8.5
2010-10-16,SONDOC,4.5,8.8
2010-10-17,SONDOC,5.5,9.0
2010-10-18,SONDOC,6.0,10.0
2010-10-19,SONDOC,6.8,14.0
2010-10-20,SONDOC,8.1,13.1
2010-10-21,SONDOC,7.0,14.0
2010-10-22,SONDOC,6.5,12.5
2010-10-23,SONDOC,6.8,12.1
2010-10-24,SONDOC,7.0,12.0
2010-10-25,SONDOC,6.3,13.0
2010-10-26,SONDOC,7.0,14.0
2010-10-27,SONDOC,6.5,13.5
2010-10-28,SONDOC,7.1,14.5
2010-10-29,SONDOC,9.0,16.0
2010-10-30,SONDOC,9.5,16.5
2010-10-31,SONDOC,11.0,17.1
2010-11-01,SONDOC,0.9,5.4
2010-11-02,SONDOC,0.9,4.0
2010-11-03,SONDOC,0.9,2.9
2010-11-04,SONDOC,0.5,2.0
2010-11-05,SONDOC,0.4,1.8
2010-11-06,SONDOC,0.5,1.5
2010-11-07,SONDOC,0.5,1.3
2010-11-08,SONDOC,0.1,0.8
2010-11-09,SONDOC,0.1,0.3
2010-11-10,SONDOC,0.1,0.5
2010-11-11,SONDOC,0.3,0.9
2010-11-12,SONDOC,0.4,1.5
2010-11-13,SONDOC,0.9,3.9
2010-11-14,SONDOC,0.8,4.0
2010-11-15,SONDOC,1.0,5.0
2010-11-16,SONDOC,0.5,4.0
2010-11-17,SONDOC,0.6,3.5
2010-11-18,SONDOC,0.7,4.0
2010-11-19,SONDOC,0.9,4.1
2010-11-20,SONDOC,1.0,4.2
2010-11-21,SONDOC,1.5,4.4
2010-11-22,SONDOC,2.0,5.1
2010-11-23,SONDOC,1.0,5.8
2010-11-24,SONDOC,1.0,5.0
2010-11-25,SONDOC,1.1,5.1
2010-11-26,SONDOC,1.2,5.3
2010-11-27,SONDOC,1.0,5.4
2010-11-28,SONDOC,1.1,5.5
2010-11-29,SONDOC,0.7366666666666667,3.7333333333333334
2010-11-30,SONDOC,0.3733333333333333,1.9666666666666668
2010-12-01,SONDOC,0.01,0.2
2010-12-02,SONDOC,0.01,0.3
2010-12-03,SONDOC,0.01,0.3
2010-12-04,SONDOC,0.01,0.4
2010-12-05,SONDOC,0.01,0.5
2010-12-06,SONDOC,0.1,0.7
2010-12-07,SONDOC,0.2,0.8
2010-12-08,SONDOC,0.3,1.0
2010-12-09,SONDOC,0.3,1.1
2010-12-10,SONDOC,0.4,1.0
2010-12-11,SONDOC,0.2,0.9
2010-12-12,SONDOC,0.4,1.2
2010-12-13,SONDOC,0.4,1.3
2010-12-14,SONDOC,0.4,1.0
2010-12-15,SONDOC,0.3,0.8
2010-12-16,SONDOC,0.3,0.9
2010-12-17,SONDOC,0.4,1.2
2010-12-18,SONDOC,0.4,1.3
2010-12-19,SONDOC,0.3,1.5
2010-12-20,SONDOC,0.2,1.0
2010-12-21,SONDOC,0.4,1.7
2010-12-22,SONDOC,0.5,2.0
2010-12-23,SONDOC,0.6,2.2
2010-12-24,SONDOC,0.5,2.4
2010-12-25,SONDOC,0.6,2.6
2010-12-26,SONDOC,0.7,2.9
2010-12-27,SONDOC,0.5,3.5
2010-12-28,SONDOC,0.5,3.6
2010-12-29,SONDOC,0.4,3.4
2010-12-30,SONDOC,0.7,3.9
2010-12-31,SONDOC,0.8,4.5
